ID,Login-Email,Login-Passwort,Rolle,Abteilung
A0001,felicitas.dowerg@beispiel.com,poEf8lTI,Angehöriger,
A0002,karl-hans.förster@beispiel.com,GdIOssvd,Angehöriger,
A0003,marta.knappe@beispiel.com,eGKoySq1,Angehöriger,
A0004,corinne.lorch@beispiel.com,fJY50wY1,Angehöriger,
A0005,irmgard.hesse@beispiel.com,HmFSaV2O,Angehöriger,
A0006,fedor.eckbauer@beispiel.com,14Cd9D52,Angehöriger,
A0007,saskia.beckmann@beispiel.com,xbdyEo0k,Angehöriger,
A0008,karl-heinrich.misicher@beispiel.com,EklMm8k6,Angehöriger,
A0009,corinna.müller@beispiel.com,XsCvl78U,Angehöriger,
A0010,sylwia.briemer@beispiel.com,c5ptDmeJ,Angehöriger,
A0011,mohamed.haase@beispiel.com,jDncVWuv,Angehöriger,
A0012,arnulf.klemt@beispiel.com,Saqu9V6F,Angehöriger,
A0013,christof.wirth@beispiel.com,Hqc1BXw4,Angehöriger,
A0014,astrid.striebitz@beispiel.com,Mt1Vbg3l,Angehöriger,
A0015,loni.wähner@beispiel.com,5E2a7tZJ,Angehöriger,
A0016,vito.binner@beispiel.com,8Xo3BWBa,Angehöriger,
A0017,ramazan.täsche@beispiel.com,IxKRC4u2,Angehöriger,
A0018,melissa.mosemann@beispiel.com,u5mEmMJU,Angehöriger,
A0019,ivan.gute@beispiel.com,YKCUNCos,Angehöriger,
A0020,anny.lorch@beispiel.com,aBAnjZy3,Angehöriger,
A0021,martin.gnatz@beispiel.com,DesriggP,Angehöriger,
A0022,julie.rogner@beispiel.com,J5XjEIW3,Angehöriger,
A0023,hertha.eberth@beispiel.com,7WeD8qst,Angehöriger,
A0024,annedore.kramer@beispiel.com,FhOUTa5R,Angehöriger,
A0025,horst.hettner@beispiel.com,IOg6CyPU,Angehöriger,
A0026,cäcilia.bärer@beispiel.com,7oUMguW1,Angehöriger,
A0027,abdullah.sontag@beispiel.com,7VPtA6pK,Angehöriger,
A0028,friedericke.fliegner@beispiel.com,r9BrtJJY,Angehöriger,
A0029,marius.graf@beispiel.com,ogzPdsuq,Angehöriger,
A0030,natalia.reinhardt@beispiel.com,t189dE4K,Angehöriger,
A0031,ilija.oestrovsky@beispiel.com,XSDpU4aO,Angehöriger,
A0032,carolin.striebitz@beispiel.com,GP4meKk2,Angehöriger,
A0033,maritta.gehringer@beispiel.com,QxN0gUFH,Angehöriger,
A0034,elena.hartung@beispiel.com,grOpiJIL,Angehöriger,
A0035,otmar.dippel@beispiel.com,SLRXMu3C,Angehöriger,
A0036,friedrich-wilhelm.ehlert@beispiel.com,dyFghfcY,Angehöriger,
A0037,ladislaus.mielcarek@beispiel.com,FrYoZnf3,Angehöriger,
A0038,heinz-dieter.losekann@beispiel.com,fsDHfMho,Angehöriger,
A0039,sigmar.ullmann@beispiel.com,vyl9mpIl,Angehöriger,
A0040,hans-bernd.fechner@beispiel.com,028xeVhk,Angehöriger,
A0041,karlfried.stiebitz@beispiel.com,UvHKkrYO,Angehöriger,
A0042,czeslaw.johann@beispiel.com,yalNSlo5,Angehöriger,
A0043,leni.keudel@beispiel.com,Cq5p21Nk,Angehöriger,
A0044,arnfried.bohlander@beispiel.com,XjRI3SO8,Angehöriger,
A0045,leila.kambs@beispiel.com,aueEnXV6,Angehöriger,
A0046,siegrun.putz@beispiel.com,r1Or8SVW,Angehöriger,
A0047,aziz.langern@beispiel.com,Z7ehUV2P,Angehöriger,
A0048,ann.ebert@beispiel.com,70gMJUX3,Angehöriger,
A0049,ilka.möchlichen@beispiel.com,cW8W39Zx,Angehöriger,
A0050,gordana.caspar@beispiel.com,GwPqGSzV,Angehöriger,
A0051,klaus-michael.gutknecht@beispiel.com,807aNJFW,Angehöriger,
A0052,luzia.carsten@beispiel.com,8fzOQjdl,Angehöriger,
A0053,hannah.freudenberger@beispiel.com,NIPpbrTa,Angehöriger,
A0054,canan.drubin@beispiel.com,1rzX3nqB,Angehöriger,
A0055,oswin.röhrdanz@beispiel.com,AoksZKzy,Angehöriger,
A0056,gerhardt.jähn@beispiel.com,rpMUqDWn,Angehöriger,
A0057,heiko.wilms@beispiel.com,6GArCQfJ,Angehöriger,
A0058,marco.hendriks@beispiel.com,wOZebe2F,Angehöriger,
A0059,rebecca.söding@beispiel.com,2P12Svqc,Angehöriger,
A0060,hans-uwe.schleich@beispiel.com,6QchwXV8,Angehöriger,
A0061,leopold.vanderdussen@beispiel.com,JP0niEoR,Angehöriger,
A0062,anneli.kohl@beispiel.com,y4kbElws,Angehöriger,
A0063,inken.budig@beispiel.com,cb6vLTnl,Angehöriger,
A0064,sylvia.mülichen@beispiel.com,AICej0gY,Angehöriger,
A0065,janin.mielcarek@beispiel.com,WC35CwkZ,Angehöriger,
A0066,helmtrud.heinz@beispiel.com,9Y2bNQx3,Angehöriger,
A0067,otfried.buchholz@beispiel.com,6T7PQYxX,Angehöriger,
A0068,baptist.löchel@beispiel.com,bDacBgWG,Angehöriger,
A0069,sigurd.reichmann@beispiel.com,EmerzJnt,Angehöriger,
A0070,horst-dieter.wagenknecht@beispiel.com,1wHd9fsu,Angehöriger,
A0071,imke.fechner@beispiel.com,P6DoI5AN,Angehöriger,
A0072,wolf.hänel@beispiel.com,wjc0K9o7,Angehöriger,
A0073,alexej.hess@beispiel.com,05HK76AG,Angehöriger,
A0074,herwig.börner@beispiel.com,pVYTc1EP,Angehöriger,
A0075,peter.lachmann@beispiel.com,Jp5K0Y4L,Angehöriger,
A0076,suse.jopich@beispiel.com,SgIZ4xLI,Angehöriger,
A0077,thekla.kohl@beispiel.com,miIOKAXa,Angehöriger,
A0078,dora.ziegert@beispiel.com,rKb99TGW,Angehöriger,
A0079,elizabeth.gunpf@beispiel.com,oA9LCAAm,Angehöriger,
A0080,hans-werner.scheel@beispiel.com,Cy8X0qCx,Angehöriger,
A0081,detlef.dörr@beispiel.com,nKvHdrna,Angehöriger,
A0082,janett.faust@beispiel.com,Rxm53akB,Angehöriger,
A0083,hans-rudolf.mende@beispiel.com,XUaVg0Wl,Angehöriger,
A0084,erkan.henck@beispiel.com,kRNdIms2,Angehöriger,
A0085,saban.stolze@beispiel.com,8e8tUStX,Angehöriger,
A0086,jelena.söding@beispiel.com,Iary3pKk,Angehöriger,
A0087,dragan.ernst@beispiel.com,cyqbxI75,Angehöriger,
A0088,carl.reinhardt@beispiel.com,E71VCfFf,Angehöriger,
A0089,peer.stadelmann@beispiel.com,Y3ef5o9n,Angehöriger,
A0090,margareta.weller@beispiel.com,3bfSON8x,Angehöriger,
A0091,lia.stumpf@beispiel.com,RS3Vs9Hb,Angehöriger,
A0092,alex.hesse@beispiel.com,DqExtjMa,Angehöriger,
A0093,aleksandr.trommler@beispiel.com,zNykof38,Angehöriger,
A0094,jolanda.pechel@beispiel.com,eLTkPMxY,Angehöriger,
A0095,birgitt.meyer@beispiel.com,4TD9DjbK,Angehöriger,
A0096,aziz.heinrich@beispiel.com,uLaolZAq,Angehöriger,
A0097,vladimir.johann@beispiel.com,xo43EqI5,Angehöriger,
A0098,jakob.dehmel@beispiel.com,2V7HL1BB,Angehöriger,
A0099,rico.oestrovsky@beispiel.com,KBhcAzZi,Angehöriger,
A0100,liesa.neureuther@beispiel.com,rNpUpRW9,Angehöriger,
A0101,hakan.gierschner@beispiel.com,iZSdFIDL,Angehöriger,
A0102,simone.faust@beispiel.com,kVLYb6b8,Angehöriger,
A0103,mirjana.winkler@beispiel.com,5gDqFUTu,Angehöriger,
A0104,wolf.zirme@beispiel.com,sUmri6eT,Angehöriger,
A0105,birte.ullmann@beispiel.com,YNx8M55Y,Angehöriger,
A0106,hans-friedrich.kochii@beispiel.com,GkcBWcnQ,Angehöriger,
A0107,aribert.paffrath@beispiel.com,Dm2Xl2Is,Angehöriger,
A0108,siegfried.dowerg@beispiel.com,k9lPPGMw,Angehöriger,
A0109,benjamin.weinhage@beispiel.com,EBje5Ey6,Angehöriger,
A0110,franz-josef.zahn@beispiel.com,Zo0yPdsv,Angehöriger,
A0111,gotthold.rudolph@beispiel.com,5Xxads89,Angehöriger,
A0112,frieda.scheibe@beispiel.com,pAEQfueo,Angehöriger,
A0113,charlotte.greingroth@beispiel.com,I1AOCHEF,Angehöriger,
A0114,erkan.möchlichen@beispiel.com,tlkK3tVP,Angehöriger,
A0115,adelheid.zimmer@beispiel.com,sI5VJk2t,Angehöriger,
A0116,dina.pruschke@beispiel.com,fQwyH4GW,Angehöriger,
A0117,till.kramer@beispiel.com,nX5FrsoE,Angehöriger,
A0118,heidi.nerger@beispiel.com,bC6OHZUp,Angehöriger,
A0119,gilda.seifert@beispiel.com,OYNqDtgg,Angehöriger,
A0120,rahel.vogt@beispiel.com,znvaU86n,Angehöriger,
A0121,amalia.möchlichen@beispiel.com,OrcRlOVz,Angehöriger,
A0122,abbas.conradi@beispiel.com,9i9KAfaM,Angehöriger,
A0123,irmtraud.lange@beispiel.com,DCW1OOl8,Angehöriger,
A0124,janette.eckbauer@beispiel.com,kiwfOJff,Angehöriger,
A0125,fadime.junitz@beispiel.com,njPli8u5,Angehöriger,
A0126,gusti.warmer@beispiel.com,jnioASwx,Angehöriger,
A0127,anita.dussenvan@beispiel.com,7sesyIt3,Angehöriger,
A0128,mehdi.kabus@beispiel.com,OpX9t3Vc,Angehöriger,
A0129,valerie.wirth@beispiel.com,uHQFdj78,Angehöriger,
A0130,florence.tschentscher@beispiel.com,8fO8wK9i,Angehöriger,
A0131,richard.renner@beispiel.com,YvgAla0I,Angehöriger,
A0132,tomislav.jüttner@beispiel.com,Orfly0kJ,Angehöriger,
A0133,rosalie.bähr@beispiel.com,2mVX4jFr,Angehöriger,
A0134,janine.nette@beispiel.com,w0erQY26,Angehöriger,
A0135,serpil.hauffer@beispiel.com,pteWeGWK,Angehöriger,
A0136,marliese.langern@beispiel.com,h8U8msVH,Angehöriger,
A0137,isabella.striebitz@beispiel.com,9rl5oSNT,Angehöriger,
A0138,rosita.wohlgemut@beispiel.com,rvDra2vz,Angehöriger,
A0139,geraldine.haering@beispiel.com,TNr9W6Eu,Angehöriger,
A0140,gotthard.ditschlerin@beispiel.com,S6uOf21C,Angehöriger,
A0141,hans-ludwig.beer@beispiel.com,yNI0XgP2,Angehöriger,
A0142,trude.drub@beispiel.com,SPNaYsik,Angehöriger,
A0143,birthe.giess@beispiel.com,DuoR3VSl,Angehöriger,
A0144,wolfram.köhler@beispiel.com,N1tl3Hjh,Angehöriger,
A0145,joerg.gotthard@beispiel.com,xHe6wDpT,Angehöriger,
A0146,wilfried.anders@beispiel.com,0J9yS0b3,Angehöriger,
A0147,friedlinde.seip@beispiel.com,ZVMJU0jK,Angehöriger,
A0148,tatjana.klotz@beispiel.com,3qq4nTLU,Angehöriger,
A0149,andy.beer@beispiel.com,1xsATb6Q,Angehöriger,
A0150,kemal.möchlichen@beispiel.com,1nQ5d5th,Angehöriger,
A0151,klaus.dörschner@beispiel.com,pblgHKPu,Angehöriger,
A0152,meta.weitzel@beispiel.com,fuilPRFw,Angehöriger,
A0153,janus.nerger@beispiel.com,VTj5jlMC,Angehöriger,
A0154,hilma.reising@beispiel.com,KqWkPtiG,Angehöriger,
A0155,tomas.hübel@beispiel.com,milbw2xz,Angehöriger,
A0156,ekkehard.neureuther@beispiel.com,2Wp9u1i5,Angehöriger,
A0157,annie.krause@beispiel.com,WkjFWctH,Angehöriger,
A0158,marko.schlosser@beispiel.com,X6qggpGg,Angehöriger,
A0159,mareile.jacob@beispiel.com,xEVyfF2W,Angehöriger,
A0160,hilda.hartung@beispiel.com,qlwqt2VT,Angehöriger,
A0161,chantal.gunpf@beispiel.com,OgDPltlt,Angehöriger,
A0162,gebhard.hövel@beispiel.com,ZisU2LYm,Angehöriger,
A0163,ekkehart.bähr@beispiel.com,JQOY22Ts,Angehöriger,
A0164,joachim.kraushaar@beispiel.com,PM5W8Aes,Angehöriger,
A0165,zehra.winkler@beispiel.com,AwVscZii,Angehöriger,
A0166,edda.möchlichen@beispiel.com,BkuwWs5s,Angehöriger,
A0167,josefa.rudolph@beispiel.com,Ap0CLCsG,Angehöriger,
A0168,rosel.textor@beispiel.com,8b6Mgsqe,Angehöriger,
A0169,carola.sorgatz@beispiel.com,lE0r4O2w,Angehöriger,
A0170,marieluise.hänel@beispiel.com,JMgQYEEz,Angehöriger,
A0171,rafael.börner@beispiel.com,VSF2mpir,Angehöriger,
A0172,ines.hoffmann@beispiel.com,T1GHorwX,Angehöriger,
A0173,gudula.naser@beispiel.com,pYwXKlDp,Angehöriger,
A0174,kata.jäntsch@beispiel.com,lcCOo1mM,Angehöriger,
A0175,marie.plath@beispiel.com,l3oGBaIr,Angehöriger,
A0176,anita.dobes@beispiel.com,5lDKn7Th,Angehöriger,
A0177,tilo.schmiedt@beispiel.com,7sH4EG06,Angehöriger,
A0178,milena.geissler@beispiel.com,w3HB8mKY,Angehöriger,
A0179,ingetraud.ruppersberger@beispiel.com,rFfJ9stU,Angehöriger,
A0180,hannah.jähn@beispiel.com,mDiDFjqT,Angehöriger,
A0181,meta.klingelhöfer@beispiel.com,RXo4veMC,Angehöriger,
A0182,aline.heuser@beispiel.com,ApkWhaVK,Angehöriger,
A0183,sandy.karz@beispiel.com,Z6o2CNmQ,Angehöriger,
A0184,karl-ludwig.höfig@beispiel.com,8vidEvOM,Angehöriger,
A0185,bert.segebahn@beispiel.com,MKGmEFV4,Angehöriger,
A0186,nancy.heydrich@beispiel.com,d1yc07Lb,Angehöriger,
A0187,rose-marie.harloff@beispiel.com,eLeI5HJc,Angehöriger,
A0188,frederike.noack@beispiel.com,BxHyp4kQ,Angehöriger,
A0189,henner.adler@beispiel.com,9E2os9YY,Angehöriger,
A0190,fredy.beier@beispiel.com,QdbdMMhi,Angehöriger,
A0191,sinaida.schönland@beispiel.com,r3IzGLV5,Angehöriger,
A0192,bartholomäus.scheel@beispiel.com,2tzWAc8t,Angehöriger,
A0193,samir.henck@beispiel.com,ujTtqpHn,Angehöriger,
A0194,aleksandra.gierschner@beispiel.com,6iGzXQck,Angehöriger,
A0195,rosa-maria.hartmann@beispiel.com,fhwhQ8c7,Angehöriger,
A0196,saskia.geissler@beispiel.com,XZgoWMrM,Angehöriger,
A0197,britt.weller@beispiel.com,pdJQuEGE,Angehöriger,
A0198,meik.radisch@beispiel.com,y2MnEJHl,Angehöriger,
A0199,rosmarie.hethur@beispiel.com,H1gQdNJa,Angehöriger,
A0200,paula.haase@beispiel.com,xucRnspJ,Angehöriger,
A0201,bekir.finke@beispiel.com,0wqxYJ1p,Angehöriger,
A0202,andrei.lachmann@beispiel.com,rkW65236,Angehöriger,
A0203,dittmar.junken@beispiel.com,Qh33oDCV,Angehöriger,
A0204,diethard.hande@beispiel.com,RTDoFvy8,Angehöriger,
A0205,marija.jacobijäckel@beispiel.com,OWSkdaWw,Angehöriger,
A0206,christina.bachmann@beispiel.com,fZWYH4P9,Angehöriger,
A0207,drago.reinhardt@beispiel.com,ZGGYfGkr,Angehöriger,
A0208,margot.margraf@beispiel.com,i2Gmhlk4,Angehöriger,
A0209,albrecht.wende@beispiel.com,t7qnb8tB,Angehöriger,
A0210,heinz.pärtzelt@beispiel.com,0I3M8TBx,Angehöriger,
A0211,urs.schinke@beispiel.com,owcGtVdx,Angehöriger,
A0212,hans-uwe.kambs@beispiel.com,qwESUjmQ,Angehöriger,
A0213,halina.bauer@beispiel.com,YCVJfHWE,Angehöriger,
A0214,tomasz.jopich@beispiel.com,0tltcgLW,Angehöriger,
A0215,marian.bolander@beispiel.com,xjqup4FB,Angehöriger,
A0216,dagmar.barkholz@beispiel.com,skcTTfHA,Angehöriger,
A0217,cemil.rosenow@beispiel.com,otXXowRK,Angehöriger,
A0218,bruno.preiss@beispiel.com,wOSNYcgP,Angehöriger,
A0219,gisbert.heydrich@beispiel.com,yal6fLl7,Angehöriger,
A0220,reinhardt.weiss@beispiel.com,BgTIi9MH,Angehöriger,
A0221,theda.bloch@beispiel.com,til9Yvap,Angehöriger,
A0222,hildburg.hess@beispiel.com,Dx68FRVe,Angehöriger,
A0223,karl-peter.gumprich@beispiel.com,y0sUkpvt,Angehöriger,
A0224,nelli.zänker@beispiel.com,e9f8VtPl,Angehöriger,
A0225,sigmar.wähner@beispiel.com,tWb65c8X,Angehöriger,
A0226,baldur.eckbauer@beispiel.com,LUoDIV7F,Angehöriger,
A0227,aenne.dowerg@beispiel.com,Bu7ZNaMk,Angehöriger,
A0228,gertraut.naser@beispiel.com,kUnsh2cF,Angehöriger,
A0229,ernst-otto.huhn@beispiel.com,gVjEd3FM,Angehöriger,
A0230,anneke.carsten@beispiel.com,xOuQdOlY,Angehöriger,
A0231,lilli.gnatz@beispiel.com,3lcqJ6fd,Angehöriger,
A0232,oswald.stumpf@beispiel.com,IkiR1BkS,Angehöriger,
A0233,tomas.sauer@beispiel.com,5lQLuYxQ,Angehöriger,
A0234,elzbieta.seidel@beispiel.com,66rrnL14,Angehöriger,
A0235,hans-walter.franke@beispiel.com,XQK60P9h,Angehöriger,
A0236,patricia.pieper@beispiel.com,ZDQHTaFX,Angehöriger,
A0237,isidor.mühle@beispiel.com,UiMeb2xH,Angehöriger,
A0238,gertrude.segebahn@beispiel.com,ahptNib1,Angehöriger,
A0239,radmila.eberth@beispiel.com,EVBjTevc,Angehöriger,
A0240,erna.stadelmann@beispiel.com,NEux1ZZa,Angehöriger,
A0241,theodoros.stroh@beispiel.com,nYwMJ9fV,Angehöriger,
A0242,zeljko.baum@beispiel.com,FlwM1erf,Angehöriger,
A0243,tom.fischer@beispiel.com,frtUpLrc,Angehöriger,
A0244,alma.bähr@beispiel.com,elCHVuDK,Angehöriger,
A0245,kristina.cichorius@beispiel.com,3m5giHrP,Angehöriger,
A0246,angelo.ladeck@beispiel.com,fPRqwvCi,Angehöriger,
A0247,nikola.schüler@beispiel.com,czE4MdK3,Angehöriger,
A0248,ehrentraud.mülichen@beispiel.com,7W32y4sZ,Angehöriger,
A0249,alois.werner@beispiel.com,XZCYh127,Angehöriger,
A0250,nadeshda.heidrich@beispiel.com,sMzVHzDG,Angehöriger,
A0251,jessica.hecker@beispiel.com,O820vinT,Angehöriger,
A0252,minna.täsche@beispiel.com,NAiOmFeu,Angehöriger,
A0253,diane.trüb@beispiel.com,94fTxCzh,Angehöriger,
A0254,natali.bloch@beispiel.com,5vhhPeyR,Angehöriger,
A0255,malgorzata.warmer@beispiel.com,NzSXtErB,Angehöriger,
A0256,gerda.zirme@beispiel.com,ASo1y2AE,Angehöriger,
A0257,wendelin.sauer@beispiel.com,6DHYU0l9,Angehöriger,
A0258,horst-günter.kroker@beispiel.com,iJuPskNN,Angehöriger,
A0259,mercedes.otto@beispiel.com,7Q67ZnV0,Angehöriger,
A0260,ursula.fischer@beispiel.com,XEL4Gx2o,Angehöriger,
A0261,siegbert.löffler@beispiel.com,SmfttMtg,Angehöriger,
A0262,andrew.gotthard@beispiel.com,ygGH508p,Angehöriger,
A0263,dörte.ruppert@beispiel.com,dWXFrvYE,Angehöriger,
A0264,ellen.wagner@beispiel.com,vL1t4wET,Angehöriger,
A0265,gusti.weiss@beispiel.com,Yh8UaKBr,Angehöriger,
A0266,orhan.giess@beispiel.com,9GQHmwbx,Angehöriger,
A0267,giovanna.geisel@beispiel.com,X4kt3nQp,Angehöriger,
A0268,kristiane.scheuermann@beispiel.com,eWWPdw3Y,Angehöriger,
A0269,ingmar.scholl@beispiel.com,XiTdy9Zf,Angehöriger,
A0270,irmgard.hartung@beispiel.com,0Lvhteph,Angehöriger,
A0271,evi.gutknecht@beispiel.com,B33M8qNK,Angehöriger,
A0272,silvia.greingroth@beispiel.com,ql8RTqXB,Angehöriger,
A0273,sonja.klotz@beispiel.com,tqyDSYB4,Angehöriger,
A0274,dietmar.dörr@beispiel.com,O0K7s7o3,Angehöriger,
A0275,oxana.lange@beispiel.com,w9HqO2Q1,Angehöriger,
A0276,dörthe.lorch@beispiel.com,6a8YYiyk,Angehöriger,
A0277,pascale.bien@beispiel.com,wVAOwoi2,Angehöriger,
A0278,götz.weller@beispiel.com,WyYQS3QQ,Angehöriger,
A0279,hans-heinrich.weinhage@beispiel.com,bU94hbnN,Angehöriger,
A0280,gisela.tintzmann@beispiel.com,HtHPusPT,Angehöriger,
A0281,hermine.gude@beispiel.com,t5u7zdVS,Angehöriger,
A0282,anke.seip@beispiel.com,UcsTCRU1,Angehöriger,
A0283,randolf.nette@beispiel.com,9GjSF8c8,Angehöriger,
A0284,jerzy.weller@beispiel.com,ww60r6Er,Angehöriger,
A0285,birgid.hande@beispiel.com,7yB3EKNA,Angehöriger,
A0286,rudolph.bolzmann@beispiel.com,a3nasDgN,Angehöriger,
A0287,reinhard.girschner@beispiel.com,kziTYJhI,Angehöriger,
A0288,evi.christoph@beispiel.com,LYRsgHI1,Angehöriger,
A0289,ingolf.warmer@beispiel.com,uHJMMxIr,Angehöriger,
A0290,ellen.neuschäfer@beispiel.com,9tFA5093,Angehöriger,
A0291,maren.heuser@beispiel.com,mvz2CzCF,Angehöriger,
A0292,jolanthe.krebs@beispiel.com,tLpth2or,Angehöriger,
A0293,stavros.gumprich@beispiel.com,qKzA2JWV,Angehöriger,
A0294,emil.heuser@beispiel.com,1FAqcEJP,Angehöriger,
A0295,oswald.weihmann@beispiel.com,lOAptigy,Angehöriger,
A0296,rosa-maria.werner@beispiel.com,vI1XwlsK,Angehöriger,
A0297,rabea.zobel@beispiel.com,I8jvuv1J,Angehöriger,
A0298,marten.carsten@beispiel.com,DqqtqU7v,Angehöriger,
A0299,ivanka.lübs@beispiel.com,3zClMuNV,Angehöriger,
A0300,alwin.dörschner@beispiel.com,M6TPc7o4,Angehöriger,
P0001,felicitas.dowerg@beispiel.com,aioMzOxx,Patient,
P0002,dörte.hettner@beispiel.com,c1TFZS0Q,Patient,
P0003,raik.hiller@beispiel.com,dbA7HY3n,Patient,
P0004,hanne.löchel@beispiel.com,1hi4fJkr,Patient,
P0005,trude.budig@beispiel.com,zNTp6spx,Patient,
P0006,zeki.hamann@beispiel.com,5mVxg8v2,Patient,
P0007,ayse.austermühle@beispiel.com,EAlTAHux,Patient,
P0008,nelli.heinz@beispiel.com,IVYc0zu1,Patient,
P0009,kasimir.franke@beispiel.com,bzcGKSnh,Patient,
P0010,alberto.dowerg@beispiel.com,osDYaFQD,Patient,
P0011,pamela.bender@beispiel.com,3OxT6zp4,Patient,
P0012,sükrü.ackermann@beispiel.com,9xuBmBOX,Patient,
P0013,gertraude.caspar@beispiel.com,mpwJ0fHH,Patient,
P0014,britta.scheibe@beispiel.com,Tyv2KHV9,Patient,
P0015,sieghard.krebs@beispiel.com,lIE8P4Z3,Patient,
P0016,kirstin.kramer@beispiel.com,PCWxeo3J,Patient,
P0017,sevim.kohl@beispiel.com,1tUSOPxb,Patient,
P0018,deborah.heuser@beispiel.com,4KmidjHj,Patient,
P0019,heinz-willi.lachmann@beispiel.com,Nu5uswN3,Patient,
P0020,yvette.bloch@beispiel.com,hsk5tSId,Patient,
P0021,natalija.schacht@beispiel.com,1eHgjzjk,Patient,
P0022,leonid.scheibe@beispiel.com,udFgZYau,Patient,
P0023,samir.täsche@beispiel.com,k6RglGdD,Patient,
P0024,igor.tröst@beispiel.com,WhCmiwKV,Patient,
P0025,tim.renner@beispiel.com,TJMpONcp,Patient,
P0026,robin.seip@beispiel.com,5nGKLGjT,Patient,
P0027,alena.säuberlich@beispiel.com,AEWcYLut,Patient,
P0028,carolin.striebitz@beispiel.com,cyFenNQQ,Patient,
P0029,wanda.hübel@beispiel.com,3iurfTYn,Patient,
P0030,erhardt.dietz@beispiel.com,lpUJUFTp,Patient,
P0031,lilly.rosemann@beispiel.com,zog8VJMH,Patient,
P0032,sibilla.sorgatz@beispiel.com,CUiGu9Kz,Patient,
P0033,heinz-dieter.losekann@beispiel.com,56iAkmVA,Patient,
P0034,dorle.jockel@beispiel.com,zey3z8Gq,Patient,
P0035,udo.karge@beispiel.com,UnaWpdxk,Patient,
P0036,freddy.wieloch@beispiel.com,eo2rnKqc,Patient,
P0037,veit.stumpf@beispiel.com,ZAA7KUnW,Patient,
P0038,hanne-lore.rosemann@beispiel.com,SONlAqvq,Patient,
P0039,rotraud.karz@beispiel.com,qYRJUoXh,Patient,
P0040,florian.scheibe@beispiel.com,hR0H0Tln,Patient,
P0041,irmingard.mangold@beispiel.com,SBA9pU7n,Patient,
P0042,gaetano.mälzer@beispiel.com,qmvDE1ul,Patient,
P0043,kevin.hellwig@beispiel.com,Jf2SgJiz,Patient,
P0044,janusz.weinhold@beispiel.com,tMJfYUj1,Patient,
P0045,jürgen.ebert@beispiel.com,9fxWRGx8,Patient,
P0046,lissi.bohlander@beispiel.com,R8zHMIvq,Patient,
P0047,canan.drubin@beispiel.com,qSOx0zEe,Patient,
P0048,bianka.ehlert@beispiel.com,oIGxFx6r,Patient,
P0049,hans-peter.schuster@beispiel.com,qHpANL71,Patient,
P0050,edeltrud.fechner@beispiel.com,LM5SlnhN,Patient,
P0051,benedikt.binner@beispiel.com,cCSbo2Iw,Patient,
P0052,aneta.kühnert@beispiel.com,6D6zxwYT,Patient,
P0053,waltrud.sölzer@beispiel.com,0JQBen28,Patient,
P0054,hanne-lore.seifert@beispiel.com,axxIqKVF,Patient,
P0055,hansgeorg.renner@beispiel.com,dxHN0ezR,Patient,
P0056,isa.bender@beispiel.com,tkVlUVYJ,Patient,
P0057,kathy.gröttner@beispiel.com,16T2gozk,Patient,
P0058,louis.stumpf@beispiel.com,MObShUmT,Patient,
P0059,cordula.niemeier@beispiel.com,ejntzzGX,Patient,
P0060,sieghard.köster@beispiel.com,l2r7vMPu,Patient,
P0061,ricarda.bachmann@beispiel.com,B3z2fhBZ,Patient,
P0062,theodora.seifert@beispiel.com,tuizVFoS,Patient,
P0063,magdalena.wesack@beispiel.com,iZOR4ssM,Patient,
P0064,clarissa.tschentscher@beispiel.com,ON36wJqi,Patient,
P0065,burckhard.schönland@beispiel.com,IvWSM0Dz,Patient,
P0066,kerstin.beckmann@beispiel.com,mtI4Rg0e,Patient,
P0067,gülsen.reuter@beispiel.com,j2YWdWLU,Patient,
P0068,eveline.fliegner@beispiel.com,7y9Q24El,Patient,
P0069,aenne.fiebig@beispiel.com,NVO6r6py,Patient,
P0070,evangelia.noack@beispiel.com,IV95y7zf,Patient,
P0071,hilma.reising@beispiel.com,LQrknJvb,Patient,
P0072,janett.faust@beispiel.com,abFTRC7u,Patient,
P0073,heinzdieter.haering@beispiel.com,PJaz9kN6,Patient,
P0074,frederic.ruppert@beispiel.com,wHgGbeln,Patient,
P0075,josefa.wirth@beispiel.com,VpXPtY29,Patient,
P0076,augusta.geisler@beispiel.com,8iHhaYfi,Patient,
P0077,olena.wohlgemut@beispiel.com,EJbzPtHZ,Patient,
P0078,petra.höfig@beispiel.com,hK8M3tL9,Patient,
P0079,margareta.weller@beispiel.com,xJQBWbjE,Patient,
P0080,harm.pohl@beispiel.com,NJUB1cPw,Patient,
P0081,kristiane.liebelt@beispiel.com,wEU5kLAM,Patient,
P0082,uschi.kensy@beispiel.com,nAIHS1cT,Patient,
P0083,vesna.beier@beispiel.com,K5iZ22Vh,Patient,
P0084,leni.gunpf@beispiel.com,VcVdmBkC,Patient,
P0085,sylvio.spiess@beispiel.com,eORTOXOD,Patient,
P0086,dino.trub@beispiel.com,ExVssxsK,Patient,
P0087,theres.misicher@beispiel.com,GGsbVpZo,Patient,
P0088,liesa.neureuther@beispiel.com,N0AYxYeq,Patient,
P0089,hildegund.kitzmann@beispiel.com,xZAhIaLv,Patient,
P0090,janine.mälzer@beispiel.com,wqAPJrIo,Patient,
P0091,ewa.cichorius@beispiel.com,suKUAFr7,Patient,
P0092,theodora.davids@beispiel.com,9wlN7n64,Patient,
P0093,fatma.hornich@beispiel.com,yO0POLTT,Patient,
P0094,annedore.lindner@beispiel.com,5pDGVfYP,Patient,
P0095,geert.rosenow@beispiel.com,DfBjT143,Patient,
P0096,henryk.eimer@beispiel.com,hR8FcJHP,Patient,
P0097,hannelore.becker@beispiel.com,7dZj3naW,Patient,
P0098,leon.trub@beispiel.com,gm2u1bPZ,Patient,
P0099,irmtraud.bauer@beispiel.com,pdrGtCVb,Patient,
P0100,renate.kabus@beispiel.com,T2gEH617,Patient,
P0101,liliane.wiek@beispiel.com,3EDB3iDD,Patient,
P0102,heidelore.eimer@beispiel.com,KiOz5sk0,Patient,
P0103,alberto.jacobijäckel@beispiel.com,VCtn0nUi,Patient,
P0104,dimitri.zahn@beispiel.com,77xmbaQG,Patient,
P0105,helen.müller@beispiel.com,Rz65McYT,Patient,
P0106,hildegund.schönland@beispiel.com,85HsjN7z,Patient,
P0107,georgia.bähr@beispiel.com,UkUQMX4B,Patient,
P0108,marie.trupp@beispiel.com,VyavS3Ai,Patient,
P0109,gerta.schinke@beispiel.com,dOcDdKEX,Patient,
P0110,antoinette.hörle@beispiel.com,Au6Kh7qi,Patient,
P0111,heide.johann@beispiel.com,Vn9y7R25,Patient,
P0112,emmi.schmiedt@beispiel.com,dC0lz2GM,Patient,
P0113,marijan.kranz@beispiel.com,q3vR1a4c,Patient,
P0114,diethard.briemer@beispiel.com,5Y7x87Xc,Patient,
P0115,antje.hartmann@beispiel.com,WkZIirEv,Patient,
P0116,betina.misicher@beispiel.com,hcHtIMW9,Patient,
P0117,mehdi.naser@beispiel.com,gUka3w91,Patient,
P0118,alina.pergande@beispiel.com,eL36IQgA,Patient,
P0119,jolanthe.hesse@beispiel.com,a141xde2,Patient,
P0120,gunhild.naser@beispiel.com,Axa39Y2o,Patient,
P0121,dina.schäfer@beispiel.com,SVg7F4Xt,Patient,
P0122,wolfram.zobel@beispiel.com,Vpvpz4Bi,Patient,
P0123,brit.nette@beispiel.com,Dq2dgpZ4,Patient,
P0124,raphael.kühnert@beispiel.com,7BIcQTnD,Patient,
P0125,marita.römer@beispiel.com,BuDyd6Q8,Patient,
P0126,hilma.hein@beispiel.com,3UjriDWg,Patient,
P0127,ahmad.wieloch@beispiel.com,T06sBlIt,Patient,
P0128,mohamed.kobelt@beispiel.com,lXj3vMoW,Patient,
P0129,heinz-georg.hermighausen@beispiel.com,90HaY8qC,Patient,
P0130,siegward.schüler@beispiel.com,YCDFeMMy,Patient,
P0131,gerda.krebs@beispiel.com,bM3iPhoA,Patient,
P0132,laurenz.atzler@beispiel.com,HS0FE7E9,Patient,
P0133,henri.stolze@beispiel.com,VXHYCN0l,Patient,
P0134,alexa.köhler@beispiel.com,UBX6MPRW,Patient,
P0135,janus.nerger@beispiel.com,orG5EWAn,Patient,
P0136,frauke.wernecke@beispiel.com,L2RDD6oZ,Patient,
P0137,ignaz.jungfer@beispiel.com,Rx6k6A9n,Patient,
P0138,romana.budig@beispiel.com,78Gamftt,Patient,
P0139,egbert.geisel@beispiel.com,1yANIxgN,Patient,
P0140,helfried.hamann@beispiel.com,iFlCWn65,Patient,
P0141,janette.rust@beispiel.com,AOrwFhH7,Patient,
P0142,berta.kuhl@beispiel.com,ZbhJk6sL,Patient,
P0143,fritz.mans@beispiel.com,OX1QW6Yx,Patient,
P0144,jens-peter.geissler@beispiel.com,KmaCYBBP,Patient,
P0145,reza.weinhage@beispiel.com,a7fyWtZ3,Patient,
P0146,frederic.jessel@beispiel.com,0idBKuyr,Patient,
P0147,ingetraut.seip@beispiel.com,XPnxGZzw,Patient,
P0148,ida.zimmer@beispiel.com,8MDfitIR,Patient,
P0149,herma.ritter@beispiel.com,zgWKyjal,Patient,
P0150,siegfried.jäntsch@beispiel.com,mL0jkC3D,Patient,
P0151,genoveva.keudel@beispiel.com,5KhSCd73,Patient,
P0152,hassan.textor@beispiel.com,8dryk2JB,Patient,
P0153,liselotte.börner@beispiel.com,cVdLtNRh,Patient,
P0154,philipp.schomber@beispiel.com,D6VSpCyw,Patient,
P0155,gülay.eigenwillig@beispiel.com,YwJ2NC3W,Patient,
P0156,harro.riehl@beispiel.com,SxifardR,Patient,
P0157,vitus.rosenow@beispiel.com,sQvvWLDq,Patient,
P0158,branka.seip@beispiel.com,dgnGR6oH,Patient,
P0159,rafael.junken@beispiel.com,ODP8iYQu,Patient,
P0160,brunhilde.klemt@beispiel.com,J8fWmLXf,Patient,
P0161,herlinde.schleich@beispiel.com,Xx0i2Jd1,Patient,
P0162,hedi.schulz@beispiel.com,hW63oTZX,Patient,
P0163,jiri.austermühle@beispiel.com,pfTCQc7o,Patient,
P0164,reinhardt.mühle@beispiel.com,SbxXyEFi,Patient,
P0165,edwin.stolze@beispiel.com,SIRzAPOa,Patient,
P0166,jobst.hettner@beispiel.com,bLeVwCKJ,Patient,
P0167,adeline.müller@beispiel.com,oam0JWrb,Patient,
P0168,fredy.beier@beispiel.com,lV5fo9zc,Patient,
P0169,marianna.dietz@beispiel.com,HUQzQRvP,Patient,
P0170,gino.bachmann@beispiel.com,hqwbjQ3g,Patient,
P0171,zeynep.dehmel@beispiel.com,ZeklR1ls,Patient,
P0172,siegbert.gumprich@beispiel.com,Awkn4wPr,Patient,
P0173,dörte.franke@beispiel.com,ksSxJEr3,Patient,
P0174,britt.weller@beispiel.com,4mLEo7WZ,Patient,
P0175,lina.stolze@beispiel.com,Zt8M0zah,Patient,
P0176,inge.reichmann@beispiel.com,OTDe2QxH,Patient,
P0177,micha.langern@beispiel.com,JjiWxRsS,Patient,
P0178,thies.hess@beispiel.com,PbREv3ZB,Patient,
P0179,andree.kühnert@beispiel.com,pWVKwaut,Patient,
P0180,jacqueline.martin@beispiel.com,NEt6qgE7,Patient,
P0181,agata.römer@beispiel.com,wIC5EUVz,Patient,
P0182,ole.fröhlich@beispiel.com,odOBfhX8,Patient,
P0183,britta.schmiedecke@beispiel.com,Fcet2lCu,Patient,
P0184,janus.beyer@beispiel.com,MxOQLOiy,Patient,
P0185,stefanie.hamann@beispiel.com,v48WVKnD,Patient,
P0186,madeleine.mülichen@beispiel.com,l9hMttM7,Patient,
P0187,uli.dörr@beispiel.com,4QmRlcE1,Patient,
P0188,rahel.drubin@beispiel.com,xnKP5yB8,Patient,
P0189,fernando.kobelt@beispiel.com,lx9nQ4j8,Patient,
P0190,piotr.rudolph@beispiel.com,XFHvvKDq,Patient,
P0191,slobodan.häring@beispiel.com,jYRXSCgR,Patient,
P0192,natalija.bolnbach@beispiel.com,l9i5qXgs,Patient,
P0193,rosita.knappe@beispiel.com,oRVEi0k7,Patient,
P0194,sigmund.mülichen@beispiel.com,DyYMQlWg,Patient,
P0195,marga.wilms@beispiel.com,2wOF0a8B,Patient,
P0196,friedl.wiek@beispiel.com,ToplJdU5,Patient,
P0197,dietmar.koch@beispiel.com,ZyfrQGrx,Patient,
P0198,albrecht.möchlichen@beispiel.com,224yTmgV,Patient,
P0199,svea.kambs@beispiel.com,1tsH0hdL,Patient,
P0200,ilona.mosemann@beispiel.com,RKTVKNZN,Patient,
P0201,hanne.eberhardt@beispiel.com,GMugOis6,Patient,
P0202,hartmuth.fröhlich@beispiel.com,tEJ5r1Du,Patient,
P0203,heidelinde.trüb@beispiel.com,ZTHkRBrV,Patient,
P0204,petra.tlustek@beispiel.com,BwiW6haW,Patient,
P0205,hans-heinrich.bauer@beispiel.com,cqlpQ1AY,Patient,
P0206,zoltan.kuhl@beispiel.com,bDGPAxRV,Patient,
P0207,veronique.lindau@beispiel.com,lEf4S0vk,Patient,
P0208,norman.wilmsen@beispiel.com,JtSlMKzl,Patient,
P0209,hansgeorg.mangold@beispiel.com,uMFPloMA,Patient,
P0210,laila.gehringer@beispiel.com,j4wduR00,Patient,
P0211,felix.pölitz@beispiel.com,CD7yqijs,Patient,
P0212,antje.scheibe@beispiel.com,0wlmU5Om,Patient,
P0213,amalia.eckbauer@beispiel.com,mxbb5htx,Patient,
P0214,cengiz.beyer@beispiel.com,UsGScbsA,Patient,
P0215,camilla.seidel@beispiel.com,85NdGPz2,Patient,
P0216,erdal.dippel@beispiel.com,YSv3GkD9,Patient,
P0217,angelo.ladeck@beispiel.com,hvz4HfYU,Patient,
P0218,jan.stiffel@beispiel.com,zxGJGWrT,Patient,
P0219,alberto.steinberg@beispiel.com,CLrBCf14,Patient,
P0220,wanda.klotz@beispiel.com,9HzVmE6K,Patient,
P0221,rudolph.höfig@beispiel.com,Kenp5ecc,Patient,
P0222,ignatz.karge@beispiel.com,Y4fMLSTr,Patient,
P0223,randolf.mitschke@beispiel.com,b8TfioEo,Patient,
P0224,aysel.wulf@beispiel.com,tf2LhWc9,Patient,
P0225,solveig.adler@beispiel.com,wq0DLb3Q,Patient,
P0226,meryem.hesse@beispiel.com,RtAJBcr2,Patient,
P0227,anastasia.sauer@beispiel.com,Qdt2vJBu,Patient,
P0228,betty.caspar@beispiel.com,0E0aZEL5,Patient,
P0229,eckard.drubin@beispiel.com,04cOtuTU,Patient,
P0230,victor.karge@beispiel.com,om5GrvRa,Patient,
P0231,william.dörr@beispiel.com,bhXvxUUW,Patient,
P0232,margrit.tröst@beispiel.com,dEZUgXCz,Patient,
P0233,raphael.sorgatz@beispiel.com,4Pv59IMf,Patient,
P0234,ralf.karz@beispiel.com,uH68LrpK,Patient,
P0235,heinz-günter.trüb@beispiel.com,AgkyKk2n,Patient,
P0236,mariusz.rörricht@beispiel.com,nEOfAFnX,Patient,
P0237,wiltrud.winkler@beispiel.com,eOWAmtlA,Patient,
P0238,mattias.eimer@beispiel.com,RZgRlPtm,Patient,
P0239,ana.budig@beispiel.com,INEFUsnk,Patient,
P0240,semra.jacob@beispiel.com,E2QBllHR,Patient,
P0241,vanessa.hermighausen@beispiel.com,MBOq3ayl,Patient,
P0242,janos.süssebier@beispiel.com,p3soxDvB,Patient,
P0243,tomislav.rosenow@beispiel.com,EQibWdpo,Patient,
P0244,dragica.pölitz@beispiel.com,iOYjJBj2,Patient,
P0245,hans-h..adler@beispiel.com,igToe67y,Patient,
P0246,ira.baum@beispiel.com,Rv0jrqHL,Patient,
P0247,burkhard.schäfer@beispiel.com,c3eNgOoU,Patient,
P0248,heiko.wagner@beispiel.com,xXKjbPKz,Patient,
P0249,friedrich-wilhelm.häring@beispiel.com,dJhq6wEr,Patient,
P0250,ralf-peter.höfig@beispiel.com,unfumPab,Patient,
P0251,wally.sorgatz@beispiel.com,hZ1t1QWJ,Patient,
P0252,nikolaj.auchschlauchin@beispiel.com,WijpYl9y,Patient,
P0253,siegfried.fliegner@beispiel.com,2I5BR1Pv,Patient,
P0254,adelheid.dehmel@beispiel.com,7WI6ZLf8,Patient,
P0255,leonore.hering@beispiel.com,gZRKO3va,Patient,
P0256,marleen.weinhage@beispiel.com,p94K96V3,Patient,
P0257,suse.seifert@beispiel.com,oA3L1FmE,Patient,
P0258,maren.heuser@beispiel.com,lu16brE9,Patient,
P0259,amir.eberth@beispiel.com,9WpIGfMx,Patient,
P0260,arnim.höfig@beispiel.com,f77Hk6nS,Patient,
P0261,heinfried.hörle@beispiel.com,JeugJWNt,Patient,
P0262,berit.schönland@beispiel.com,FnmAu1Tz,Patient,
P0263,hedy.reichmann@beispiel.com,6W5xYbj4,Patient,
P0264,pascale.zobel@beispiel.com,TReCMTkm,Patient,
P0265,marten.heuser@beispiel.com,uT88KKuL,Patient,
P0266,alwin.dörschner@beispiel.com,3ePP5uoK,Patient,
P0267,renata.liebelt@beispiel.com,AxGSSBa0,Patient,
P0268,nicolai.döhn@beispiel.com,iHN78lXL,Patient,
P0269,annita.reising@beispiel.com,ofxhXaFy,Patient,
P0270,herma.löffler@beispiel.com,I3xsrwpG,Patient,
P0271,goran.atzler@beispiel.com,FMeYCUZp,Patient,
P0272,czeslaw.klotz@beispiel.com,ylVrKrxH,Patient,
P0273,folker.tintzmann@beispiel.com,idMCjJDM,Patient,
P0274,hartwig.schmidt@beispiel.com,8V02KHLc,Patient,
P0275,angelique.scholz@beispiel.com,UZC2ukhD,Patient,
P0276,mattias.bolzmann@beispiel.com,qBfyClq3,Patient,
P0277,ingetraut.mentzel@beispiel.com,vYvMrrlh,Patient,
P0278,gundi.ladeck@beispiel.com,Dfm8hje7,Patient,
P0279,stanislaw.köster@beispiel.com,oFJEIGMR,Patient,
P0280,marianna.seidel@beispiel.com,yuuPSVRG,Patient,
P0281,tadeusz.heinrich@beispiel.com,KXguIAS8,Patient,
P0282,isidor.vanderdussen@beispiel.com,vRr1KIvc,Patient,
P0283,toni.fritsch@beispiel.com,CrU7klYs,Patient,
P0284,bianka.siering@beispiel.com,k6BRunWI,Patient,
P0285,cynthia.lange@beispiel.com,2Pn1L2s7,Patient,
P0286,freya.linke@beispiel.com,pf4y51VS,Patient,
P0287,marita.liebelt@beispiel.com,XJZyoYpp,Patient,
P0288,axel.dörschner@beispiel.com,kdUOAulw,Patient,
P0289,nadeshda.haering@beispiel.com,oTYGBPuG,Patient,
P0290,friederike.dobes@beispiel.com,wnOL6Zo6,Patient,
P0291,änne.pohl@beispiel.com,4PMf7046,Patient,
P0292,gustav.jopich@beispiel.com,WR7jbVQp,Patient,
P0293,niko.ritter@beispiel.com,HWtwCm6a,Patient,
P0294,reinhold.schacht@beispiel.com,vWMOozwS,Patient,
P0295,fabian.bloch@beispiel.com,6DoOn0G9,Patient,
P0296,fredo.stoll@beispiel.com,zbPbBGTg,Patient,
P0297,elsbeth.ring@beispiel.com,EbMZN6p2,Patient,
P0298,louis.tschentscher@beispiel.com,NFHtHh9C,Patient,
P0299,gerta.hendriks@beispiel.com,IImzskj2,Patient,
P0300,samira.trapp@beispiel.com,YMOckk4A,Patient,
P0301,marko.wesack@beispiel.com,XnacVr0u,Patient,
P0302,andreas.schuchhardt@beispiel.com,XIiw8aa1,Patient,
P0303,hulda.klemt@beispiel.com,cRCEyzyz,Patient,
P0304,hubertine.wieloch@beispiel.com,J42aR8AL,Patient,
P0305,hilma.loos@beispiel.com,DLOsS5hn,Patient,
P0306,beata.haering@beispiel.com,s454dHY9,Patient,
P0307,hildburg.mans@beispiel.com,TesK6wAN,Patient,
P0308,ehrentraud.wende@beispiel.com,6BIAEdvZ,Patient,
P0309,elisabeth.höfig@beispiel.com,x9eIVEO2,Patient,
P0310,gabriel.schönland@beispiel.com,xy5I4FRW,Patient,
P0311,zdenka.ladeck@beispiel.com,kiSvEFQ0,Patient,
P0312,zita.klotz@beispiel.com,7zeQ496S,Patient,
P0313,lara.gumprich@beispiel.com,BIJWYeZx,Patient,
P0314,johanne.mälzer@beispiel.com,DrCIe2Yk,Patient,
P0315,steffen.pohl@beispiel.com,DFaa15VF,Patient,
P0316,klemens.dörschner@beispiel.com,aLNnj73w,Patient,
P0317,hans-ulrich.schuster@beispiel.com,Jx4rzaK9,Patient,
P0318,marvin.hentschel@beispiel.com,XUaHu1LK,Patient,
P0319,heinz-willi.ruppersberger@beispiel.com,5lYcRUER,Patient,
P0320,annelies.dobes@beispiel.com,hCZj6SpU,Patient,
P0321,kamil.mielcarek@beispiel.com,BtfoN3zK,Patient,
P0322,bärbel.geisler@beispiel.com,FO1MaI8E,Patient,
P0323,kathy.aumann@beispiel.com,golBGGST,Patient,
P0324,gregor.pruschke@beispiel.com,OBPtROYJ,Patient,
P0325,krista.kusch@beispiel.com,b5Zv6Avy,Patient,
P0326,berndt.etzler@beispiel.com,M2arwWij,Patient,
P0327,sigurd.hamann@beispiel.com,Gq9SKxzC,Patient,
P0328,arnim.kochii@beispiel.com,bl2gqOp5,Patient,
P0329,evi.weinhold@beispiel.com,FudWlh8S,Patient,
P0330,karl-heinz.etzold@beispiel.com,B3r3Xj2T,Patient,
P0331,sophia.drub@beispiel.com,IJWFSRw3,Patient,
P0332,kunibert.benthin@beispiel.com,NfDPLps9,Patient,
P0333,dimitri.ullrich@beispiel.com,tpVKTJjD,Patient,
P0334,alina.ackermann@beispiel.com,krTmvF3H,Patient,
P0335,christiane.patberg@beispiel.com,QF7GTcxB,Patient,
P0336,veit.kobelt@beispiel.com,Vdc7HlTW,Patient,
P0337,heike.schönland@beispiel.com,0YxQz7dE,Patient,
P0338,edda.kuhl@beispiel.com,5fVJruX2,Patient,
P0339,hertha.geissler@beispiel.com,Eqph24OH,Patient,
P0340,heimo.dörschner@beispiel.com,JEiYv7xZ,Patient,
P0341,sergio.langern@beispiel.com,Y0MxiLDT,Patient,
P0342,tibor.hendriks@beispiel.com,bXwAFvUT,Patient,
P0343,friedlinde.mans@beispiel.com,f3jmes2Y,Patient,
P0344,irena.freudenberger@beispiel.com,GocEwykP,Patient,
P0345,rosl.kramer@beispiel.com,zXjrJdBr,Patient,
P0346,helen.trupp@beispiel.com,ZAWhwzlO,Patient,
P0347,constance.losekann@beispiel.com,fTemykNt,Patient,
P0348,dominik.margraf@beispiel.com,GFbqqObv,Patient,
P0349,leopold.löffler@beispiel.com,bKsZUh6m,Patient,
P0350,walther.bien@beispiel.com,FRSPBxed,Patient,
P0351,anastasios.etzold@beispiel.com,krYTr8Xy,Patient,
P0352,meinolf.schulz@beispiel.com,YV0qdwzw,Patient,
P0353,jochen.hauffer@beispiel.com,YdDurwxM,Patient,
P0354,nurten.weimer@beispiel.com,864FXGA9,Patient,
P0355,traudel.jessel@beispiel.com,2ncdxMKR,Patient,
P0356,emanuel.zimmer@beispiel.com,IPdVzmsN,Patient,
P0357,theodoros.eimer@beispiel.com,9Ph29o5D,Patient,
P0358,rotraut.eigenwillig@beispiel.com,bpYIrel2,Patient,
P0359,rosalie.gotthard@beispiel.com,Li6Yhu38,Patient,
P0360,melanie.stiffel@beispiel.com,tqupXVlp,Patient,
P0361,branka.staude@beispiel.com,fJc7ECTJ,Patient,
P0362,ester.scheuermann@beispiel.com,rEq0QUdl,Patient,
P0363,karl-august.hermann@beispiel.com,uNVqdmMa,Patient,
P0364,dörte.linke@beispiel.com,fFrCC9Qc,Patient,
P0365,kristine.fritsch@beispiel.com,oxRmcldD,Patient,
P0366,astrid.giess@beispiel.com,f4f4f9Ob,Patient,
P0367,konrad.henk@beispiel.com,U4GB2AkX,Patient,
P0368,zenta.röhrdanz@beispiel.com,yLLIBchB,Patient,
P0369,pauline.pechel@beispiel.com,B2inYXJF,Patient,
P0370,hans-erich.hess@beispiel.com,YAkApLKZ,Patient,
P0371,hedda.förster@beispiel.com,6QtCAqpl,Patient,
P0372,branko.naser@beispiel.com,Rhwh2LRz,Patient,
P0373,leonhard.schaaf@beispiel.com,h4dpSIYg,Patient,
P0374,ruth.stroh@beispiel.com,HfQkAgar,Patient,
P0375,lissi.niemeier@beispiel.com,fzvjgEJt,Patient,
P0376,pawel.mangold@beispiel.com,L1IbPCE4,Patient,
P0377,engelbert.stolze@beispiel.com,qKDfQEAi,Patient,
P0378,osman.hauffer@beispiel.com,4TliOpA5,Patient,
P0379,jane.sorgatz@beispiel.com,jbOTk1bZ,Patient,
P0380,jo.ehlert@beispiel.com,2LRrpST0,Patient,
P0381,ester.möchlichen@beispiel.com,o93F1ZbM,Patient,
P0382,klaus-günter.trub@beispiel.com,nlkTHEsf,Patient,
P0383,sarah.möchlichen@beispiel.com,caj7Jkdf,Patient,
P0384,nevenka.bruder@beispiel.com,crc5clPq,Patient,
P0385,kenneth.wagenknecht@beispiel.com,sOwEWnco,Patient,
P0386,elma.wende@beispiel.com,I1cIBTZP,Patient,
P0387,frieder.walter@beispiel.com,aewNCXMk,Patient,
P0388,ehrhard.börner@beispiel.com,xziSuANY,Patient,
P0389,sabine.mülichen@beispiel.com,bbssv4F8,Patient,
P0390,wulf.rörricht@beispiel.com,2oVGKojm,Patient,
P0391,lutz.dörr@beispiel.com,TlFBTL7e,Patient,
P0392,carl-heinz.börner@beispiel.com,e55OmXm9,Patient,
P0393,august.hartmann@beispiel.com,zpEJxb4y,Patient,
P0394,brigitta.köster@beispiel.com,5FhmQqpQ,Patient,
P0395,carolina.herrmann@beispiel.com,AhZCNugi,Patient,
P0396,gisbert.dietz@beispiel.com,hcgndi5l,Patient,
P0397,robin.stiebitz@beispiel.com,k4nlLUPn,Patient,
P0398,beatrice.fröhlich@beispiel.com,AN1comwq,Patient,
P0399,mariechen.süssebier@beispiel.com,rVNe4tjB,Patient,
P0400,abdul.pärtzelt@beispiel.com,AXby35ID,Patient,
P0401,adolfine.beckmann@beispiel.com,pBaqHlS8,Patient,
P0402,heinz-günter.schmiedecke@beispiel.com,yU7UAU9a,Patient,
P0403,reimer.wulf@beispiel.com,K9Zd0m2s,Patient,
P0404,cemil.bolzmann@beispiel.com,WoE4wJeu,Patient,
P0405,albert.jähn@beispiel.com,aAA4fAK1,Patient,
P0406,hans-josef.steckel@beispiel.com,8iAWF2mD,Patient,
P0407,stefania.stoll@beispiel.com,eFUNU75z,Patient,
P0408,hans-hermann.striebitz@beispiel.com,FREwpuhs,Patient,
P0409,maren.hermighausen@beispiel.com,4nigKOg6,Patient,
P0410,karl-friedrich.hölzenbecher@beispiel.com,SylNLbNh,Patient,
P0411,reginald.matthäi@beispiel.com,5a2haEnH,Patient,
P0412,roswitha.heinrich@beispiel.com,eAIigbZv,Patient,
P0413,silvana.freudenberger@beispiel.com,vWBYpe6I,Patient,
P0414,antoinette.ebert@beispiel.com,YTyzoG6X,Patient,
P0415,abdul.hövel@beispiel.com,uwe6mplj,Patient,
P0416,fatma.weitzel@beispiel.com,F6HfHJho,Patient,
P0417,sylke.naser@beispiel.com,Rzj9Xnh1,Patient,
P0418,gerhart.kostolzin@beispiel.com,0IObHGoX,Patient,
P0419,maren.karz@beispiel.com,lmWMpM7v,Patient,
P0420,tülay.spiess@beispiel.com,lkkgBC6Y,Patient,
P0421,rosita.davids@beispiel.com,LDFN9G9j,Patient,
P0422,anka.dietz@beispiel.com,4e6ZmiVq,Patient,
P0423,sahin.eberhardt@beispiel.com,fkH3aDXd,Patient,
P0424,hansjoachim.ullmann@beispiel.com,ujfoKVPc,Patient,
P0425,marit.lindau@beispiel.com,NxRBi2Ni,Patient,
P0426,janna.wilms@beispiel.com,AaK7XU2D,Patient,
P0427,eberhard.wieloch@beispiel.com,S6G0BL2Z,Patient,
P0428,ljudmila.wilms@beispiel.com,Fwf7F6dc,Patient,
P0429,gisa.köhler@beispiel.com,Tm7vCw3R,Patient,
P0430,otto.bruder@beispiel.com,1oMl0NOW,Patient,
P0431,ingrid.rogner@beispiel.com,Pe6F8Xlw,Patient,
P0432,eugenie.bachmann@beispiel.com,ZnrHQ6OE,Patient,
P0433,janus.stumpf@beispiel.com,KK9uvFFs,Patient,
P0434,fritz.haering@beispiel.com,1tHcFMK3,Patient,
P0435,juri.fritsch@beispiel.com,OZbJ78Gi,Patient,
P0436,veronica.bärer@beispiel.com,wmKwS1RN,Patient,
P0437,annita.kade@beispiel.com,QdPxwGgB,Patient,
P0438,justina.schuchhardt@beispiel.com,1BCoHtOj,Patient,
P0439,hasan.gumprich@beispiel.com,D55iFKjT,Patient,
P0440,inka.pölitz@beispiel.com,eIFphbkQ,Patient,
P0441,hilmar.eberth@beispiel.com,7tRN4UIN,Patient,
P0442,andrey.wohlgemut@beispiel.com,xwdtho9g,Patient,
P0443,elvira.zirme@beispiel.com,wIxo1S4y,Patient,
P0444,attila.rohleder@beispiel.com,8nkq1vA6,Patient,
P0445,jacek.plath@beispiel.com,lQ62UVki,Patient,
P0446,reinhardt.franke@beispiel.com,9ErNOaxe,Patient,
P0447,herta.bolander@beispiel.com,hoSNcqfH,Patient,
P0448,cosimo.carsten@beispiel.com,cVbcDMf4,Patient,
P0449,raphaela.scholl@beispiel.com,THdsbpEh,Patient,
P0450,julie.wagenknecht@beispiel.com,8Mhv5xyd,Patient,
P0451,thea.weinhage@beispiel.com,NTrYKaW0,Patient,
P0452,rupert.bien@beispiel.com,l5nvSypN,Patient,
P0453,kirstin.meyer@beispiel.com,iHIfsDiY,Patient,
P0454,wilfried.förster@beispiel.com,9lkpm14x,Patient,
P0455,gesa.hethur@beispiel.com,BCCQtDcv,Patient,
P0456,abdullah.albers@beispiel.com,D6qMuez5,Patient,
P0457,erika.fechner@beispiel.com,KHHlJWR8,Patient,
P0458,hans-ulrich.gutknecht@beispiel.com,bGn3gC1m,Patient,
P0459,leonhard.hettner@beispiel.com,bex5PWyy,Patient,
P0460,marina.gnatz@beispiel.com,jIE2TNxB,Patient,
P0461,natalija.zorbach@beispiel.com,fYrgw5fF,Patient,
P0462,hanny.heuser@beispiel.com,eJ2BTvBS,Patient,
P0463,horst-peter.ring@beispiel.com,ga1CWZvf,Patient,
P0464,francoise.gotthard@beispiel.com,Vc02xTda,Patient,
P0465,eveline.eimer@beispiel.com,0OFvz1NW,Patient,
P0466,remo.kochii@beispiel.com,64SW2m5g,Patient,
P0467,marina.junken@beispiel.com,Fy9CFBGy,Patient,
P0468,michaela.pieper@beispiel.com,3n8QCJ39,Patient,
P0469,andrej.ernst@beispiel.com,59nFDvvK,Patient,
P0470,tamara.hartung@beispiel.com,kmKqnpOx,Patient,
P0471,jonas.niemeier@beispiel.com,FcCiTLEe,Patient,
P0472,bernhard.rogner@beispiel.com,Y20fZ1VJ,Patient,
P0473,waldtraut.henschel@beispiel.com,WTfEJL6O,Patient,
P0474,sieglinde.oestrovsky@beispiel.com,FkRnpiOR,Patient,
P0475,hugo.schweitzer@beispiel.com,gcchJh8S,Patient,
P0476,hans-josef.bohlander@beispiel.com,knt6LDMz,Patient,
P0477,isa.karz@beispiel.com,FNVvQHIQ,Patient,
P0478,hildegund.kobelt@beispiel.com,N5stZgAn,Patient,
P0479,svea.bloch@beispiel.com,RvEAMEDl,Patient,
P0480,jakob.bonbach@beispiel.com,Z2KwIUnH,Patient,
P0481,siegrid.walter@beispiel.com,EGpDj1l3,Patient,
P0482,bela.hövel@beispiel.com,3LJtre6e,Patient,
P0483,mechthild.mälzer@beispiel.com,W3AtdQMl,Patient,
P0484,kristina.rohleder@beispiel.com,rCfQRuHm,Patient,
P0485,heinz-gerd.neureuther@beispiel.com,uKqOqSIw,Patient,
P0486,ayse.geissler@beispiel.com,72rm4HB1,Patient,
P0487,peter-michael.mangold@beispiel.com,Wk3hpkgx,Patient,
P0488,gisa.schuster@beispiel.com,TzEudRhq,Patient,
P0489,karl-wilhelm.schmidt@beispiel.com,RqSxnRMX,Patient,
P0490,jost.reinhardt@beispiel.com,mUwEKbv7,Patient,
P0491,mirko.gotthard@beispiel.com,a4plO0zI,Patient,
P0492,berit.schuchhardt@beispiel.com,Qgcow2sO,Patient,
P0493,emin.ebert@beispiel.com,wMM5OfVc,Patient,
P0494,gerhild.siering@beispiel.com,kFftvK14,Patient,
P0495,lieschen.kochii@beispiel.com,x6HUSHTA,Patient,
P0496,eckhard.davids@beispiel.com,DntxcWxF,Patient,
P0497,jan-peter.hein@beispiel.com,KVQwmo6S,Patient,
P0498,michelle.buchholz@beispiel.com,mqN4uVvd,Patient,
P0499,mattias.trüb@beispiel.com,DObIOvl8,Patient,
P0500,elly.harloff@beispiel.com,lREtzpkR,Patient,
P0501,nelli.vollbrecht@beispiel.com,OrcvpLpM,Patient,
P0502,ricarda.adler@beispiel.com,e6FQ3mW5,Patient,
P0503,kriemhild.rogner@beispiel.com,tY04dxGL,Patient,
P0504,dierk.trommler@beispiel.com,zH8mAqZz,Patient,
P0505,zdravko.zänker@beispiel.com,64knvStl,Patient,
P0506,veli.neuschäfer@beispiel.com,6LFSBepT,Patient,
P0507,egon.röhrdanz@beispiel.com,aA2sV8FW,Patient,
P0508,reinhilde.zirme@beispiel.com,GWajEmZJ,Patient,
P0509,aziz.weimer@beispiel.com,cQl1EWs7,Patient,
P0510,wigbert.wilms@beispiel.com,LbAnZj3c,Patient,
P0511,heinz-otto.trupp@beispiel.com,I6pKfHih,Patient,
P0512,ayse.kade@beispiel.com,VNmCz7aV,Patient,
P0513,darko.stahr@beispiel.com,rdLQ0UM2,Patient,
P0514,carsten.biggen@beispiel.com,k6hbJSP9,Patient,
P0515,antonios.bonbach@beispiel.com,CxbPT52A,Patient,
P0516,aldo.briemer@beispiel.com,38JQgJFl,Patient,
P0517,ingbert.austermühle@beispiel.com,9D7huDL7,Patient,
P0518,anne-kathrin.gotthard@beispiel.com,sUIGbYvp,Patient,
P0519,janett.schacht@beispiel.com,a6WmZ7wn,Patient,
P0520,irmtrud.wende@beispiel.com,uiY5cWm2,Patient,
P0521,francesco.trupp@beispiel.com,AMjAYYpx,Patient,
P0522,senol.stoll@beispiel.com,LRaVJZMK,Patient,
P0523,dennis.rudolph@beispiel.com,gXyzuBx6,Patient,
P0524,jens-peter.hande@beispiel.com,53xUBc6d,Patient,
P0525,isidor.hess@beispiel.com,VYzHegLw,Patient,
P0526,carl-heinz.losekann@beispiel.com,69aMUfto,Patient,
P0527,patrik.wulf@beispiel.com,X6wVTTyr,Patient,
P0528,swantje.dussenvan@beispiel.com,Bc5KcuKu,Patient,
P0529,cilly.losekann@beispiel.com,YsVjx6NF,Patient,
P0530,ernst-dieter.löffler@beispiel.com,avsnbjYB,Patient,
P0531,henni.winkler@beispiel.com,EWH13Aot,Patient,
P0532,ralf.bender@beispiel.com,Xl9tZKb5,Patient,
P0533,johanne.rosemann@beispiel.com,v0VNBN1i,Patient,
P0534,alessandro.sorgatz@beispiel.com,FcPZKuuT,Patient,
P0535,heiner.schäfer@beispiel.com,I4e7ACaz,Patient,
P0536,rose.nette@beispiel.com,mchvU4vK,Patient,
P0537,andre.wohlgemut@beispiel.com,4FqqSuqS,Patient,
P0538,antonio.barkholz@beispiel.com,ELzsDIpR,Patient,
P0539,dagobert.johann@beispiel.com,KMJ6z8kn,Patient,
P0540,hildegard.rörricht@beispiel.com,WyGW8Otu,Patient,
P0541,lambert.holsten@beispiel.com,aPs6mTUE,Patient,
P0542,claudius.hauffer@beispiel.com,XMYngncQ,Patient,
P0543,gerhardt.söding@beispiel.com,AUKsFH4s,Patient,
P0544,horst.anders@beispiel.com,PDOAYOeg,Patient,
P0545,jochem.neuschäfer@beispiel.com,Vn4KSSTH,Patient,
P0546,jose.binner@beispiel.com,7ADQsMcY,Patient,
P0547,uwe.peukert@beispiel.com,FUJofHCC,Patient,
P0548,jakob.hartmann@beispiel.com,cS4W0fpj,Patient,
P0549,natalija.köster@beispiel.com,2kwILEMY,Patient,
P0550,denis.faust@beispiel.com,yoSMDf1x,Patient,
P0551,isabell.döring@beispiel.com,HjSeh2ip,Patient,
P0552,boris.krebs@beispiel.com,I3Oa5TC1,Patient,
P0553,karsten.fröhlich@beispiel.com,hxz5lZQ2,Patient,
P0554,hans-peter.weinhold@beispiel.com,qOasO3iC,Patient,
P0555,aline.schmidt@beispiel.com,6GkjWgnc,Patient,
P0556,janin.hauffer@beispiel.com,VpNmsqeP,Patient,
P0557,helmtrud.jacob@beispiel.com,cKGiiFX9,Patient,
P0558,friedhold.wieloch@beispiel.com,IwCg06Dg,Patient,
P0559,antje.döring@beispiel.com,iCXBPZui,Patient,
P0560,gislinde.berger@beispiel.com,wPpqgKVq,Patient,
P0561,klaus-ulrich.löwer@beispiel.com,ZRMOdTQ1,Patient,
P0562,arno.kostolzin@beispiel.com,A1PGKGIX,Patient,
P0563,antonia.hecker@beispiel.com,m3ViWxCv,Patient,
P0564,ingrid.johann@beispiel.com,ajUoQ7Lv,Patient,
P0565,lisa.misicher@beispiel.com,ra0jSjj2,Patient,
P0566,maik.stolze@beispiel.com,Ze5S6lYR,Patient,
P0567,loni.losekann@beispiel.com,NBMU1Y1Y,Patient,
P0568,ingeborg.rudolph@beispiel.com,zBZtr7Ef,Patient,
P0569,annegret.krein@beispiel.com,GiUoXmne,Patient,
P0570,dietrich.schottin@beispiel.com,SajyUzpq,Patient,
P0571,irina.eberhardt@beispiel.com,aX7kDrWj,Patient,
P0572,gislinde.hentschel@beispiel.com,5rQPWTUJ,Patient,
P0573,dariusz.kostolzin@beispiel.com,xYC9k6ou,Patient,
P0574,justus.metz@beispiel.com,E3WYS3wo,Patient,
P0575,adina.ebert@beispiel.com,JMR3T9Sb,Patient,
P0576,edelgard.aumann@beispiel.com,UQohKA4J,Patient,
P0577,melanie.rohleder@beispiel.com,mpPExNmg,Patient,
P0578,roderich.meister@beispiel.com,tcuYuGzt,Patient,
P0579,hans-herbert.weller@beispiel.com,rbtFZFYi,Patient,
P0580,klaus-michael.zimmer@beispiel.com,v7dEhBtR,Patient,
P0581,irmhild.roht@beispiel.com,NiEWEmSS,Patient,
P0582,branko.anders@beispiel.com,GQlrrlQA,Patient,
P0583,aloisia.franke@beispiel.com,WqS4dLgw,Patient,
P0584,erwin.herrmann@beispiel.com,Iikq4vNv,Patient,
P0585,uschi.matthäi@beispiel.com,q70RcmJB,Patient,
P0586,betty.etzler@beispiel.com,O48fKYfn,Patient,
P0587,gisbert.scholl@beispiel.com,6GVrHXr4,Patient,
P0588,hanno.gute@beispiel.com,sliJJpeB,Patient,
P0589,josephine.schomber@beispiel.com,Ge1mfnxl,Patient,
P0590,monica.ritter@beispiel.com,bYMqOMk8,Patient,
P0591,trudel.dörschner@beispiel.com,Ut6ZGP4x,Patient,
P0592,alma.giess@beispiel.com,eqVrsW9V,Patient,
P0593,bernhard.bohlander@beispiel.com,4rLy1QPl,Patient,
P0594,teresa.klapp@beispiel.com,7KAT8o4g,Patient,
P0595,emmerich.wulff@beispiel.com,VR63oLJW,Patient,
P0596,waldtraut.gotthard@beispiel.com,Eu7rAAgu,Patient,
P0597,otto.bien@beispiel.com,AmPPCqlF,Patient,
P0598,ingried.henschel@beispiel.com,uwhg9Km6,Patient,
P0599,maurice.dippel@beispiel.com,qEbEDbrf,Patient,
P0600,jorge.wende@beispiel.com,dnHzBdq0,Patient,
P0601,pietro.stoll@beispiel.com,uZeTjuxH,Patient,
P0602,laila.fiebig@beispiel.com,j35MwKB0,Patient,
P0603,michaele.girschner@beispiel.com,k7zS6SBa,Patient,
P0604,edwin.löffler@beispiel.com,mm8TbCnm,Patient,
P0605,sandro.mielcarek@beispiel.com,GwpI7aI6,Patient,
P0606,kornelius.wirth@beispiel.com,qrfs0i18,Patient,
P0607,veronique.geissler@beispiel.com,6LmJUbKl,Patient,
P0608,louise.trupp@beispiel.com,DUccbEsy,Patient,
P0609,albertine.kühnert@beispiel.com,12M9PZLR,Patient,
P0610,etta.kuhl@beispiel.com,31efXH87,Patient,
P0611,gitta.binner@beispiel.com,1wzsZNFq,Patient,
P0612,britt.losekann@beispiel.com,E883lqLG,Patient,
P0613,heinz-günter.zahn@beispiel.com,e7PvWKEV,Patient,
P0614,christel.gertz@beispiel.com,1LzHRqpP,Patient,
P0615,vinzenz.davids@beispiel.com,XJS6DOTy,Patient,
P0616,hellmut.steinberg@beispiel.com,fxkX2GWI,Patient,
P0617,rahel.lorch@beispiel.com,LBmnACOA,Patient,
P0618,antonina.kochii@beispiel.com,SWuAQcMM,Patient,
P0619,adele.seifert@beispiel.com,jJvredzq,Patient,
P0620,tatiana.bonbach@beispiel.com,1Y8KCl0Z,Patient,
P0621,sybilla.ernst@beispiel.com,epx3Ei3J,Patient,
P0622,ullrich.bonbach@beispiel.com,zpm2CrBZ,Patient,
P0623,magdalena.heintze@beispiel.com,EB8jcHzC,Patient,
P0624,jörg-peter.heinrich@beispiel.com,NtQlhbyu,Patient,
P0625,willibert.bloch@beispiel.com,z0oDhVKG,Patient,
P0626,tania.scheel@beispiel.com,pajaEYZf,Patient,
P0627,svea.sontag@beispiel.com,01rZh9tf,Patient,
P0628,jens-peter.otto@beispiel.com,eHq5oPpK,Patient,
P0629,reni.stahr@beispiel.com,Y16S2FrW,Patient,
P0630,aleksandr.jacobijäckel@beispiel.com,K0aQbKvA,Patient,
P0631,sylwia.rose@beispiel.com,Kh0MPjBX,Patient,
P0632,elsa.kühnert@beispiel.com,GxT739tE,Patient,
P0633,hendrik.briemer@beispiel.com,E9oORyy6,Patient,
P0634,tobias.hörle@beispiel.com,4nw4K2Le,Patient,
P0635,margarete.briemer@beispiel.com,5WF3D9a9,Patient,
P0636,linda.trub@beispiel.com,OFfYG2Qx,Patient,
P0637,kunibert.hesse@beispiel.com,PJST7Meh,Patient,
P0638,ron.beckmann@beispiel.com,NGidFSZV,Patient,
P0639,paola.ladeck@beispiel.com,9Wp2nvaU,Patient,
P0640,flora.christoph@beispiel.com,tk3SqJcY,Patient,
P0641,axel.eimer@beispiel.com,W22L4m8U,Patient,
P0642,dolores.striebitz@beispiel.com,l1R9xOkU,Patient,
P0643,hannah.vanderdussen@beispiel.com,8zV13QoD,Patient,
P0644,robin.lübs@beispiel.com,Y2oXljXW,Patient,
P0645,osman.löwer@beispiel.com,hhNLGIt2,Patient,
P0646,hans-detlef.barkholz@beispiel.com,VK3lmNNy,Patient,
P0647,elwira.bohnbach@beispiel.com,aE16jeY2,Patient,
P0648,guntram.scholz@beispiel.com,LKnG3PtP,Patient,
P0649,loni.kusch@beispiel.com,LDSUK756,Patient,
P0650,hartmut.fechner@beispiel.com,V5uKPwM9,Patient,
P0651,hulda.jähn@beispiel.com,4l9ZP0iz,Patient,
P0652,remo.barth@beispiel.com,D23NcKGp,Patient,
P0653,kata.werner@beispiel.com,hCF0UpCG,Patient,
P0654,knut.adolph@beispiel.com,HEDGxOlD,Patient,
P0655,gordana.sager@beispiel.com,0XffZMiR,Patient,
P0656,filiz.schwital@beispiel.com,gb5XDM8U,Patient,
P0657,veit.klotz@beispiel.com,xzSaXEVX,Patient,
P0658,klaus-jürgen.plath@beispiel.com,Vdh6IbgQ,Patient,
P0659,ernst.mende@beispiel.com,iKO0m7vf,Patient,
P0660,brita.salz@beispiel.com,XhqMdwnE,Patient,
P0661,frieda.zobel@beispiel.com,einIgu8Q,Patient,
P0662,anna-marie.zänker@beispiel.com,49YXdejE,Patient,
P0663,leszek.nette@beispiel.com,RfPWH7uA,Patient,
P0664,hilmar.wirth@beispiel.com,stMFHCuC,Patient,
P0665,gesine.jähn@beispiel.com,d9TD5jg6,Patient,
P0666,erdogan.löffler@beispiel.com,W4LWCheJ,Patient,
P0667,viola.schulz@beispiel.com,rSOs9dH5,Patient,
P0668,tassilo.löchel@beispiel.com,ssRACXAl,Patient,
P0669,ismet.niemeier@beispiel.com,gVcq9Y3A,Patient,
P0670,paulina.rogner@beispiel.com,tdevhT20,Patient,
P0671,gabriela.lübs@beispiel.com,YP7ku2lY,Patient,
P0672,kurt.eckbauer@beispiel.com,QqT7NGdp,Patient,
P0673,kevin.weihmann@beispiel.com,VxmaGykP,Patient,
P0674,fredy.sölzer@beispiel.com,PStRD7cW,Patient,
P0675,stefano.lorch@beispiel.com,MgIeOFy8,Patient,
P0676,sepp.jacob@beispiel.com,paf9Ahf3,Patient,
P0677,sylke.lindner@beispiel.com,MRqfrmz9,Patient,
P0678,diether.baum@beispiel.com,awEjQPmB,Patient,
P0679,karina.sager@beispiel.com,PVpvypMO,Patient,
P0680,larissa.rudolph@beispiel.com,kuWP1oNn,Patient,
P0681,ingeborg.schäfer@beispiel.com,IBAVJDor,Patient,
P0682,mathilde.schäfer@beispiel.com,gFLmoIzN,Patient,
P0683,willy.pergande@beispiel.com,2g1HhkpW,Patient,
P0684,hanno.wernecke@beispiel.com,apv6gAJu,Patient,
P0685,knut.fiebig@beispiel.com,SfzsHh7j,Patient,
P0686,doris.bonbach@beispiel.com,mmWXhhJ4,Patient,
P0687,anton.ackermann@beispiel.com,LRMYyGH2,Patient,
P0688,susan.reuter@beispiel.com,MkapxudI,Patient,
P0689,erhard.stahr@beispiel.com,ivEP0uaw,Patient,
P0690,reinald.kabus@beispiel.com,mxCCCOgg,Patient,
P0691,knud.heuser@beispiel.com,0nr7U63M,Patient,
P0692,manuela.kostolzin@beispiel.com,qG6sxY5r,Patient,
P0693,eckehard.neureuther@beispiel.com,bSAtstnJ,Patient,
P0694,cornelia.biggen@beispiel.com,928FiEE6,Patient,
P0695,abbas.hörle@beispiel.com,gc2Ghmjs,Patient,
P0696,cemil.eberth@beispiel.com,fIPTKG0I,Patient,
P0697,frieda.peukert@beispiel.com,AMD8FoeD,Patient,
P0698,gertraude.röhrdanz@beispiel.com,KDgSGpex,Patient,
P0699,rene.johann@beispiel.com,tcLxS8Tv,Patient,
P0700,pauline.lindau@beispiel.com,4QUiy2Uj,Patient,
P0701,valentin.barth@beispiel.com,jIRnLuIT,Patient,
P0702,türkan.binner@beispiel.com,Cgg5dg6F,Patient,
P0703,elvira.kochii@beispiel.com,Dd5UTzSS,Patient,
P0704,heinrich.kabus@beispiel.com,o41I1IPe,Patient,
P0705,harald.nette@beispiel.com,9OGAdqKb,Patient,
P0706,paul-heinz.hentschel@beispiel.com,moRyAbAV,Patient,
P0707,bruni.seifert@beispiel.com,psHvybJK,Patient,
P0708,janna.nerger@beispiel.com,RiRCg3qa,Patient,
P0709,piotr.pruschke@beispiel.com,U5JHggpb,Patient,
P0710,tina.jüttner@beispiel.com,cHIDid1t,Patient,
P0711,stefanie.lehmann@beispiel.com,24k91jEd,Patient,
P0712,justina.kostolzin@beispiel.com,sBTtkhTi,Patient,
P0713,hakan.putz@beispiel.com,Q2EGMm4j,Patient,
P0714,hertha.hertrampf@beispiel.com,cV3v0ots,Patient,
P0715,woldemar.stumpf@beispiel.com,dccFwSdY,Patient,
P0716,hans-günther.rogner@beispiel.com,8sXt1NDd,Patient,
P0717,uta.etzold@beispiel.com,AHe3iQXW,Patient,
P0718,edgar.wagenknecht@beispiel.com,fvriOadq,Patient,
P0719,alois.ernst@beispiel.com,kToHhmy2,Patient,
P0720,stavros.rogner@beispiel.com,0xOU7q7j,Patient,
P0721,giovanni.wirth@beispiel.com,ayVlIKLd,Patient,
P0722,volkhard.matthäi@beispiel.com,Gvj53wYn,Patient,
P0723,hedwig.heintze@beispiel.com,FM4TFSo5,Patient,
P0724,birte.trubin@beispiel.com,XaPcFr1S,Patient,
P0725,philip.löchel@beispiel.com,r86LBkPG,Patient,
P0726,danica.reuter@beispiel.com,ujiJOrWy,Patient,
P0727,daniela.barth@beispiel.com,ESG8MEqd,Patient,
P0728,stanislaus.faust@beispiel.com,VhaICDC0,Patient,
P0729,francis.wulf@beispiel.com,f6TThvoO,Patient,
P0730,dursun.beyer@beispiel.com,UQkyL4x4,Patient,
P0731,carmine.stey@beispiel.com,FQBmv6By,Patient,
P0732,lidwina.sauer@beispiel.com,H1qXGG6Z,Patient,
P0733,beata.hartmann@beispiel.com,Fmuuq9Vs,Patient,
P0734,erdmute.steckel@beispiel.com,9x2KYamO,Patient,
P0735,zdenka.girschner@beispiel.com,EWOomMVi,Patient,
P0736,anneli.schmidtke@beispiel.com,YD1Sqfrw,Patient,
P0737,valeri.kobelt@beispiel.com,NErAuyBV,Patient,
P0738,helga.gude@beispiel.com,rSOWT3gu,Patient,
P0739,marius.wulf@beispiel.com,XykfJmt8,Patient,
P0740,leni.birnbaum@beispiel.com,WoFdU4yS,Patient,
P0741,viviane.scholtz@beispiel.com,ATsAhlmT,Patient,
P0742,gunnar.hübel@beispiel.com,nhxKIjI5,Patient,
P0743,domenico.stolze@beispiel.com,sZFHZNv7,Patient,
P0744,gülsen.bachmann@beispiel.com,LlhyaIxc,Patient,
P0745,elsa.eimer@beispiel.com,U3vnwK6j,Patient,
P0746,ludmilla.schacht@beispiel.com,FKdWg6jZ,Patient,
P0747,louise.trubin@beispiel.com,PnfGfDIz,Patient,
P0748,alf.seidel@beispiel.com,5CuEJpl0,Patient,
P0749,phillip.jacobijäckel@beispiel.com,EfIdvj6D,Patient,
P0750,benedikt.hande@beispiel.com,vefrJ1Wx,Patient,
P0751,nuran.klemm@beispiel.com,ZRjb5OpL,Patient,
P0752,katarzyna.ziegert@beispiel.com,s4xvwElx,Patient,
P0753,jo.beer@beispiel.com,z965FcL2,Patient,
P0754,katerina.stadelmann@beispiel.com,KHL5Fd3k,Patient,
P0755,roger.steckel@beispiel.com,XhDMdw8M,Patient,
P0756,reinald.kohl@beispiel.com,w1dxOLBQ,Patient,
P0757,rudolf.lehmann@beispiel.com,UwoPxDDc,Patient,
P0758,philipp.kabus@beispiel.com,3JcDEzaF,Patient,
P0759,melita.hendriks@beispiel.com,iCp5ff2m,Patient,
P0760,bela.schmiedt@beispiel.com,QjcooGCd,Patient,
P0761,flora.kramer@beispiel.com,Z5eXiVsa,Patient,
P0762,luise.schulz@beispiel.com,iCVuigjd,Patient,
P0763,franca.barkholz@beispiel.com,idnJuWZl,Patient,
P0764,magret.eimer@beispiel.com,uwctw8Cz,Patient,
P0765,irmingard.vollbrecht@beispiel.com,OE20bhwB,Patient,
P0766,angela.werner@beispiel.com,gkNPkGdN,Patient,
P0767,luzie.rohleder@beispiel.com,kFM6eKxY,Patient,
P0768,mark.wesack@beispiel.com,qNWVlNEW,Patient,
P0769,detlev.werner@beispiel.com,Yht6ja92,Patient,
P0770,philip.putz@beispiel.com,M6SNa3yN,Patient,
P0771,hatice.fliegner@beispiel.com,iO91vWNY,Patient,
P0772,urban.nette@beispiel.com,bZysobdl,Patient,
P0773,elfi.hesse@beispiel.com,jLh0v7IU,Patient,
P0774,heribert.wilms@beispiel.com,m1byDL9n,Patient,
P0775,lena.steuer@beispiel.com,qmKVhptb,Patient,
P0776,mara.täsche@beispiel.com,0mavpS2t,Patient,
P0777,freya.hiller@beispiel.com,HHwmriEq,Patient,
P0778,luzia.kaul@beispiel.com,Hy690lq4,Patient,
P0779,mariechen.barth@beispiel.com,j4rZwvQe,Patient,
P0780,jörn.kostolzin@beispiel.com,k2j5uA2G,Patient,
P0781,leyla.holt@beispiel.com,EDpv87sz,Patient,
P0782,friedrich-karl.weihmann@beispiel.com,dicmDMe6,Patient,
P0783,arndt.junitz@beispiel.com,kI83p5d9,Patient,
P0784,sophia.hentschel@beispiel.com,fSee7e9V,Patient,
P0785,janusz.kostolzin@beispiel.com,SCKAVfpf,Patient,
P0786,alicja.mentzel@beispiel.com,64mhzaO3,Patient,
P0787,inna.schaaf@beispiel.com,aY40vZ2O,Patient,
P0788,michaele.hoffmann@beispiel.com,ZATCHVtl,Patient,
P0789,jobst.stolze@beispiel.com,jxNFvJSO,Patient,
P0790,traute.mangold@beispiel.com,OaS3lYNB,Patient,
P0791,mirco.mangold@beispiel.com,dnTYZtU5,Patient,
P0792,salih.wesack@beispiel.com,3p00ASvV,Patient,
P0793,gilbert.jessel@beispiel.com,4jGfU1CT,Patient,
P0794,katalin.adler@beispiel.com,smfAs28z,Patient,
P0795,antonia.wilms@beispiel.com,HBbYdpgb,Patient,
P0796,steven.oestrovsky@beispiel.com,AxYvEGZe,Patient,
P0797,heimo.schleich@beispiel.com,58aRmIDH,Patient,
P0798,jobst.huhn@beispiel.com,aJFXk3kz,Patient,
P0799,siegbert.thanel@beispiel.com,eKYhvei5,Patient,
P0800,carsten.heser@beispiel.com,FtdSVRhf,Patient,
P0801,jolanthe.jacobijäckel@beispiel.com,fUryBvCQ,Patient,
P0802,faruk.kühnert@beispiel.com,Mi33ZJVb,Patient,
P0803,esther.stiebitz@beispiel.com,bIQsBCoU,Patient,
P0804,marten.reinhardt@beispiel.com,GMgV841C,Patient,
P0805,svetlana.wiek@beispiel.com,yEwWSQi8,Patient,
P0806,attila.hoffmann@beispiel.com,VmwcNhBK,Patient,
P0807,erdal.krause@beispiel.com,5Ur8Ktur,Patient,
P0808,vladimir.plath@beispiel.com,Tf39l8RB,Patient,
P0809,rose.ditschlerin@beispiel.com,wCDWN5uG,Patient,
P0810,meike.liebelt@beispiel.com,uD1Z6s7C,Patient,
P0811,loni.wirth@beispiel.com,VSGYOl31,Patient,
P0812,matteo.schüler@beispiel.com,5YUTmmXB,Patient,
P0813,clarissa.eckbauer@beispiel.com,HEBLO85A,Patient,
P0814,henning.briemer@beispiel.com,AoKvl2Cb,Patient,
P0815,dogan.gumprich@beispiel.com,4YsQrJ0d,Patient,
P0816,jörg-peter.jopich@beispiel.com,pNdnHK55,Patient,
P0817,marliese.krause@beispiel.com,tallyLxO,Patient,
P0818,pius.wohlgemut@beispiel.com,G7zVsvMe,Patient,
P0819,gustav.davids@beispiel.com,b11m2GDm,Patient,
P0820,erica.kusch@beispiel.com,IdnIFd38,Patient,
P0821,christl.gute@beispiel.com,OSG9OCuP,Patient,
P0822,milka.heinrich@beispiel.com,5D1ETY22,Patient,
P0823,käthe.weinhold@beispiel.com,VzbPsHCG,Patient,
P0824,fredy.bärer@beispiel.com,4gA7qRXs,Patient,
P0825,herbert.sorgatz@beispiel.com,1zRhQSyE,Patient,
P0826,andreas.schleich@beispiel.com,kewMNoXf,Patient,
P0827,ahmad.gertz@beispiel.com,JTCF6HOg,Patient,
P0828,janett.fritsch@beispiel.com,9YPKSkLJ,Patient,
P0829,elke.meister@beispiel.com,weE6QScI,Patient,
P0830,hassan.lindner@beispiel.com,6EghThrQ,Patient,
P0831,ivonne.stey@beispiel.com,7ndg0517,Patient,
P0832,folker.hübel@beispiel.com,vMyYvpjV,Patient,
P0833,hannes.karge@beispiel.com,sCxjIHU4,Patient,
P0834,lorenz.eigenwillig@beispiel.com,DGMncpm2,Patient,
P0835,diethard.krebs@beispiel.com,a7p397OF,Patient,
P0836,wolf.rust@beispiel.com,xZACT0eP,Patient,
P0837,theresa.vogt@beispiel.com,d2nOx3Bq,Patient,
P0838,vincent.auchschlauchin@beispiel.com,psPxqsHL,Patient,
P0839,alessandro.heinz@beispiel.com,LHy4na2y,Patient,
P0840,elfi.jüttner@beispiel.com,cKrwyafa,Patient,
P0841,kathi.zimmer@beispiel.com,WxkpJzza,Patient,
P0842,lydia.steinberg@beispiel.com,3Tmna9qz,Patient,
P0843,steve.seifert@beispiel.com,otg9wITM,Patient,
P0844,achim.kallert@beispiel.com,dREtYLnY,Patient,
P0845,andrej.budig@beispiel.com,qvmLiFHy,Patient,
P0846,woldemar.mosemann@beispiel.com,omjsxClb,Patient,
P0847,irina.kruschwitz@beispiel.com,KX4Cnebz,Patient,
P0848,helma.pieper@beispiel.com,RQryVSvG,Patient,
P0849,marisa.rudolph@beispiel.com,T095tZho,Patient,
P0850,lorenz.hermighausen@beispiel.com,wPC3No3W,Patient,
P0851,krista.cichorius@beispiel.com,srvENYow,Patient,
P0852,elmar.dietz@beispiel.com,7gEWrFI1,Patient,
P0853,anna.nette@beispiel.com,SMDVCGgo,Patient,
P0854,nina.lorch@beispiel.com,3ddCOllI,Patient,
P0855,lina.hornig@beispiel.com,jU0OTdqO,Patient,
P0856,mathilde.mans@beispiel.com,xayrKKXD,Patient,
P0857,stjepan.junk@beispiel.com,k9ZgGU0D,Patient,
P0858,bozena.mies@beispiel.com,rEpgFK8y,Patient,
P0859,henryk.hartung@beispiel.com,RgIRwPLM,Patient,
P0860,anatoli.jockel@beispiel.com,kXY0odh3,Patient,
P0861,konstantin.holsten@beispiel.com,aczohvPs,Patient,
P0862,filippo.trupp@beispiel.com,XLXWR2aq,Patient,
P0863,patrik.misicher@beispiel.com,JD2x64vH,Patient,
P0864,rosel.staude@beispiel.com,jP56NCmp,Patient,
P0865,polina.hörle@beispiel.com,keQEKh5O,Patient,
P0866,dieter.zänker@beispiel.com,RCJqThqL,Patient,
P0867,bruni.beer@beispiel.com,p22YgVvZ,Patient,
P0868,yasmin.trub@beispiel.com,yvwV12iO,Patient,
P0869,kathleen.weinhold@beispiel.com,hhnAYvS7,Patient,
P0870,maria.anders@beispiel.com,7NSnYYfN,Patient,
P0871,traudel.kallert@beispiel.com,u6KyZM0e,Patient,
P0872,kai-uwe.plath@beispiel.com,9F5zfaLD,Patient,
P0873,claudius.liebelt@beispiel.com,oa5Jt2ZW,Patient,
P0874,eva-marie.striebitz@beispiel.com,v7Owjq5Y,Patient,
P0875,amir.zobel@beispiel.com,h4P39mmE,Patient,
P0876,elfie.weiss@beispiel.com,mMMg7vQh,Patient,
P0877,zenon.trupp@beispiel.com,akgT8IGH,Patient,
P0878,ayten.gutknecht@beispiel.com,RADj0qep,Patient,
P0879,sybilla.kühnert@beispiel.com,WEqN1uCm,Patient,
P0880,iwona.winkler@beispiel.com,a0bUStBh,Patient,
P0881,wigbert.anders@beispiel.com,IA97oeEX,Patient,
P0882,werner.kroker@beispiel.com,cHK5QjQV,Patient,
P0883,eleonora.trubin@beispiel.com,ZvfSt774,Patient,
P0884,roland.freudenberger@beispiel.com,uL30WPto,Patient,
P0885,freia.neuschäfer@beispiel.com,rrce8Kot,Patient,
P0886,wendelin.schleich@beispiel.com,6mNNN8rr,Patient,
P0887,aleksandar.kroker@beispiel.com,XJSAFYAZ,Patient,
P0888,sedat.heidrich@beispiel.com,O2W1fxbr,Patient,
P0889,loretta.misicher@beispiel.com,JZcjnbTW,Patient,
P0890,laura.wilmsen@beispiel.com,97yael8l,Patient,
P0891,kristina.rogner@beispiel.com,pW0swJcm,Patient,
P0892,natalja.rudolph@beispiel.com,xiwJ49L3,Patient,
P0893,vassilios.losekann@beispiel.com,6ZeyWsxe,Patient,
P0894,gunar.schaaf@beispiel.com,eY0eG0vF,Patient,
P0895,samir.reichmann@beispiel.com,bSnnpmu9,Patient,
P0896,natalie.wirth@beispiel.com,nyHxnKAG,Patient,
P0897,carl.riehl@beispiel.com,CPi5kJDq,Patient,
P0898,dietmar.bolzmann@beispiel.com,T8sBXbST,Patient,
P0899,siegried.otto@beispiel.com,EpvSplfn,Patient,
P0900,detlev.schinke@beispiel.com,ilQyZw2Q,Patient,
P0901,bertha.scheibe@beispiel.com,DWGGexum,Patient,
P0902,othmar.blümel@beispiel.com,il4tuzmm,Patient,
P0903,ricarda.weinhage@beispiel.com,qgIJuOUY,Patient,
P0904,rüdiger.kaul@beispiel.com,YI0e4gvy,Patient,
P0905,hans-günter.röhrdanz@beispiel.com,KV8yB9Pu,Patient,
P0906,heinz-dieter.trubin@beispiel.com,EoJL6EqN,Patient,
P0907,hedda.klotz@beispiel.com,SWhauAzv,Patient,
P0908,francesco.drub@beispiel.com,sOffSyAZ,Patient,
P0909,bozena.mitschke@beispiel.com,FPt4UDhk,Patient,
P0910,aldo.jacob@beispiel.com,rKheyM1y,Patient,
P0911,brit.stoll@beispiel.com,02yhRfQj,Patient,
P0912,pascal.rosenow@beispiel.com,boCpTgfP,Patient,
P0913,leopold.putz@beispiel.com,mLy6TvCF,Patient,
P0914,richard.drubin@beispiel.com,6veAhC2X,Patient,
P0915,hans-dieter.vollbrecht@beispiel.com,mbgSSEhv,Patient,
P0916,meike.nohlmans@beispiel.com,bNEZtJoh,Patient,
P0917,karen.pruschke@beispiel.com,OcJHiP5V,Patient,
P0918,bertold.höfig@beispiel.com,jjD7GhRY,Patient,
P0919,sandy.neureuther@beispiel.com,O8nOgGSo,Patient,
P0920,janko.hande@beispiel.com,7kkqbDcH,Patient,
P0921,heinz-jürgen.roskoth@beispiel.com,IglyQc9f,Patient,
P0922,wally.metz@beispiel.com,e4NaSewR,Patient,
P0923,trudi.carsten@beispiel.com,ojVXnT2N,Patient,
P0924,elwira.kühnert@beispiel.com,BbS42Q80,Patient,
P0925,arno.werner@beispiel.com,2ykiaDPn,Patient,
P0926,hanife.graf@beispiel.com,U9JWJqTE,Patient,
P0927,karl-otto.sauer@beispiel.com,BBL5xEfW,Patient,
P0928,pero.ruppert@beispiel.com,7jfhh6OM,Patient,
P0929,adele.drubin@beispiel.com,H2Tzef4A,Patient,
P0930,branka.hendriks@beispiel.com,AwYvw80o,Patient,
P0931,marijan.wilms@beispiel.com,iwYECSVR,Patient,
P0932,heide-marie.stiebitz@beispiel.com,vTKh1cPZ,Patient,
P0933,hildegard.davids@beispiel.com,94TEBuya,Patient,
P0934,diethelm.jäkel@beispiel.com,tuaUKpdr,Patient,
P0935,ingbert.stadelmann@beispiel.com,l6gV5u2q,Patient,
P0936,marieluise.mies@beispiel.com,JesRzzzB,Patient,
P0937,stephen.margraf@beispiel.com,H16WOULo,Patient,
P0938,salvatore.tröst@beispiel.com,Pa9gxbCM,Patient,
P0939,hans-adolf.killer@beispiel.com,CIDzh0Lw,Patient,
P0940,karl-peter.hering@beispiel.com,gM5myJXm,Patient,
P0941,rita.klemm@beispiel.com,ktCstmWm,Patient,
P0942,frithjof.dörr@beispiel.com,u8DuxMjq,Patient,
P0943,laila.koch@beispiel.com,uUCE7cga,Patient,
P0944,elias.metz@beispiel.com,S9dWQmTC,Patient,
P0945,kunibert.beyer@beispiel.com,vxdMVKVG,Patient,
P0946,gerta.kraus@beispiel.com,2uVpPXOU,Patient,
P0947,hertha.krause@beispiel.com,sCrQ2FVe,Patient,
P0948,annelene.lindau@beispiel.com,KOXuYqnQ,Patient,
P0949,raimund.hermighausen@beispiel.com,nVaS78aa,Patient,
P0950,karl-ernst.wulf@beispiel.com,TtoAT7lH,Patient,
P0951,agathe.vanderdussen@beispiel.com,bmhZvVyV,Patient,
P0952,hans-gerhard.schmidtke@beispiel.com,QXAgRlqh,Patient,
P0953,luise.boucsein@beispiel.com,W0TLxXYL,Patient,
P0954,herrmann.karge@beispiel.com,ksylk80B,Patient,
P0955,johanna.gierschner@beispiel.com,Ixb8OfrZ,Patient,
P0956,marcus.rohleder@beispiel.com,vWaBzFxk,Patient,
P0957,sabina.rust@beispiel.com,3XqoxMjz,Patient,
P0958,ulla.auchschlauchin@beispiel.com,xyn5Se9y,Patient,
P0959,jeanette.hermann@beispiel.com,kZtInWAr,Patient,
P0960,tom.seip@beispiel.com,H2d44oOv,Patient,
P0961,heinz-peter.röhricht@beispiel.com,Qps6OIFK,Patient,
P0962,volkhard.tschentscher@beispiel.com,I5F9hae3,Patient,
P0963,gotthold.kochii@beispiel.com,EfHL1NNw,Patient,
P0964,hüseyin.hess@beispiel.com,4fdFGq07,Patient,
P0965,ute.haering@beispiel.com,UCTCsSmS,Patient,
P0966,calogero.löffler@beispiel.com,IlaofTSg,Patient,
P0967,esther.hornich@beispiel.com,9LWXbrkZ,Patient,
P0968,cornelius.eckbauer@beispiel.com,AyNv1kAG,Patient,
P0969,zbigniew.juncken@beispiel.com,idiTqa3E,Patient,
P0970,norman.gunpf@beispiel.com,NUzE9MvZ,Patient,
P0971,gitta.anders@beispiel.com,RpywweID,Patient,
P0972,herlinde.heser@beispiel.com,smN198dG,Patient,
P0973,vitali.margraf@beispiel.com,AS1pKXAd,Patient,
P0974,hans-theo.vollbrecht@beispiel.com,XOgdlg9P,Patient,
P0975,filippo.gierschner@beispiel.com,IdHw1CDv,Patient,
P0976,annett.eckbauer@beispiel.com,gJqkCuST,Patient,
P0977,marie-louise.hornig@beispiel.com,x0ZAKrHs,Patient,
P0978,nikolai.siering@beispiel.com,cKDLQPBf,Patient,
P0979,winfried.hübel@beispiel.com,3rxAVYpE,Patient,
P0980,hans-jörg.vanderdussen@beispiel.com,zd5hwENg,Patient,
P0981,walentina.bachmann@beispiel.com,tsKaQH7X,Patient,
P0982,hans-günther.budig@beispiel.com,0mcoAK4B,Patient,
P0983,marcella.rosenow@beispiel.com,3ZASK2at,Patient,
P0984,detlef.franke@beispiel.com,QtJxXwq7,Patient,
P0985,gunther.wagner@beispiel.com,GaANxuB6,Patient,
P0986,helen.eimer@beispiel.com,hHOTJNez,Patient,
P0987,mareile.mälzer@beispiel.com,dmUJxITA,Patient,
P0988,moritz.börner@beispiel.com,6BNZ0ubz,Patient,
P0989,ahmed.salz@beispiel.com,xJGk5lQv,Patient,
P0990,pietro.dippel@beispiel.com,CL8855GQ,Patient,
P0991,kirsten.reuter@beispiel.com,93HQP8fi,Patient,
P0992,ewald.hahn@beispiel.com,vRiKyXIq,Patient,
P0993,roger.köhler@beispiel.com,WXvBIITp,Patient,
P0994,stephan.buchholz@beispiel.com,tUe0AcCR,Patient,
P0995,jonathan.staude@beispiel.com,QRV5vRWR,Patient,
P0996,roberto.löffler@beispiel.com,KxPCfoyh,Patient,
P0997,erich.neureuther@beispiel.com,gBbBZiOL,Patient,
P0998,isa.hiller@beispiel.com,q75b9Xac,Patient,
P0999,gisbert.bolander@beispiel.com,iPbDpn5Q,Patient,
P1000,hubert.stey@beispiel.com,rMVLgxb8,Patient,
M0001,felicitas.dowerg@beispiel.com,uVxSf9Ji,Mitarbeiter,Pflege
M0002,mara.albers@beispiel.com,Tv7SjXdi,Mitarbeiter,Medizinischer Dienst
M0003,hans-jochen.tlustek@beispiel.com,d09YZt2b,Mitarbeiter,Verwaltung
M0004,stephanie.schwital@beispiel.com,Eo0hmx1W,Mitarbeiter,Pflege
M0005,roderich.klotz@beispiel.com,JBh3tQEn,Mitarbeiter,Pflege
M0006,udo.adler@beispiel.com,l1PQsbTm,Mitarbeiter,Hauswirtschaft
M0007,trude.budig@beispiel.com,qztODtis,Mitarbeiter,Pflege
M0008,dagmar.röhrdanz@beispiel.com,8BM4pYRp,Mitarbeiter,Verwaltung
M0009,dusan.sorgatz@beispiel.com,R1Bci5rB,Mitarbeiter,Pflege
M0010,mandy.rogner@beispiel.com,ACYhmjt7,Mitarbeiter,Verwaltung
M0011,heinz-joachim.bohlander@beispiel.com,IRXnuXft,Mitarbeiter,Hauswirtschaft
M0012,gerta.säuberlich@beispiel.com,vTwmh3v0,Mitarbeiter,Hauswirtschaft
M0013,rabea.henschel@beispiel.com,jEoo1b4g,Mitarbeiter,Medizinischer Dienst
M0014,jan-peter.birnbaum@beispiel.com,kw8WKoD3,Mitarbeiter,Verwaltung
M0015,leszek.knappe@beispiel.com,vExNoMgT,Mitarbeiter,Hauswirtschaft
M0016,hans-walter.mies@beispiel.com,vhNw1k4O,Mitarbeiter,Medizinischer Dienst
M0017,murat.vollbrecht@beispiel.com,dyGxFIV4,Mitarbeiter,Verwaltung
M0018,romuald.textor@beispiel.com,ToKbPp8z,Mitarbeiter,Medizinischer Dienst
M0019,angelica.mühle@beispiel.com,R0zhjxD7,Mitarbeiter,Pflege
M0020,heiderose.adolph@beispiel.com,3PBv0ckr,Mitarbeiter,Pflege
M0021,tomasz.heser@beispiel.com,iVpU9HLa,Mitarbeiter,Medizinischer Dienst
M0022,vladimir.liebelt@beispiel.com,B8E54Fxk,Mitarbeiter,Medizinischer Dienst
M0023,grazyna.stiebitz@beispiel.com,URfXgRik,Mitarbeiter,Hauswirtschaft
M0024,karl-hans.weller@beispiel.com,8TLc6fgt,Mitarbeiter,Pflege
M0025,vittorio.thies@beispiel.com,HsSOCWLx,Mitarbeiter,Pflege
M0026,nick.reichmann@beispiel.com,GEhc3bEo,Mitarbeiter,Medizinischer Dienst
M0027,mariusz.henschel@beispiel.com,3YdFAaCI,Mitarbeiter,Medizinischer Dienst
M0028,rudolf.niemeier@beispiel.com,xA1pZgZn,Mitarbeiter,Verwaltung
M0029,jan-peter.heinrich@beispiel.com,URopjGDJ,Mitarbeiter,Pflege
M0030,kamil.bien@beispiel.com,NebLNO53,Mitarbeiter,Verwaltung
M0031,türkan.jähn@beispiel.com,rP0T6Nor,Mitarbeiter,Medizinischer Dienst
M0032,gerwin.henck@beispiel.com,LxwjS5uX,Mitarbeiter,Verwaltung
M0033,marija.faust@beispiel.com,HXf07OpV,Mitarbeiter,Hauswirtschaft
M0034,mary.ruppert@beispiel.com,tLAgld6q,Mitarbeiter,Hauswirtschaft
M0035,traude.kühnert@beispiel.com,u2ahYaxk,Mitarbeiter,Medizinischer Dienst
M0036,raisa.thanel@beispiel.com,uyi6hQid,Mitarbeiter,Medizinischer Dienst
M0037,bianca.fiebig@beispiel.com,vSxL35Ea,Mitarbeiter,Verwaltung
M0038,sybilla.jungfer@beispiel.com,8pTZ0N1r,Mitarbeiter,Medizinischer Dienst
M0039,alexandros.ullmann@beispiel.com,TM12rc4I,Mitarbeiter,Pflege
M0040,kirsten.schulz@beispiel.com,IEmQxg2j,Mitarbeiter,Verwaltung
M0041,alena.säuberlich@beispiel.com,0csP8oLQ,Mitarbeiter,Verwaltung
M0042,oscar.ruppert@beispiel.com,ZFU1K8qV,Mitarbeiter,Hauswirtschaft
M0043,ottomar.wagenknecht@beispiel.com,O7BJ7zSe,Mitarbeiter,Medizinischer Dienst
M0044,apollonia.ebert@beispiel.com,gsJeln1s,Mitarbeiter,Verwaltung
M0045,erhardt.dietz@beispiel.com,F2KJGrsn,Mitarbeiter,Medizinischer Dienst
M0046,heide-marie.koch@beispiel.com,TdHpyzSg,Mitarbeiter,Pflege
M0047,karl-friedrich.fiebig@beispiel.com,75gTP53V,Mitarbeiter,Pflege
M0048,traudel.schmiedecke@beispiel.com,3mY0JI4I,Mitarbeiter,Hauswirtschaft
M0049,udo.pärtzelt@beispiel.com,mfs9Rh10,Mitarbeiter,Pflege
M0050,dogan.löwer@beispiel.com,tiPeOOxY,Mitarbeiter,Medizinischer Dienst
M0051,helmut.dörr@beispiel.com,KEVSAE8N,Mitarbeiter,Hauswirtschaft
M0052,christof.faust@beispiel.com,wUv5LS08,Mitarbeiter,Hauswirtschaft
M0053,edit.margraf@beispiel.com,tg9HciGT,Mitarbeiter,Medizinischer Dienst
M0054,klaas.junken@beispiel.com,X8iLIyy5,Mitarbeiter,Verwaltung
M0055,klaas.drewes@beispiel.com,XCZfIpQq,Mitarbeiter,Medizinischer Dienst
M0056,ercan.radisch@beispiel.com,GuBzgSQK,Mitarbeiter,Hauswirtschaft
M0057,cetin.möchlichen@beispiel.com,7Usi7Hwn,Mitarbeiter,Hauswirtschaft
M0058,rosi.berger@beispiel.com,nPmedRoc,Mitarbeiter,Verwaltung
M0059,reimer.lange@beispiel.com,RIsxO5BS,Mitarbeiter,Hauswirtschaft
M0060,lorenzo.römer@beispiel.com,iwYXRbjv,Mitarbeiter,Pflege
M0061,martina.warmer@beispiel.com,olbqoUii,Mitarbeiter,Verwaltung
M0062,sara.gude@beispiel.com,g7G9JAZW,Mitarbeiter,Verwaltung
M0063,jörn.mende@beispiel.com,4rEh8nRN,Mitarbeiter,Hauswirtschaft
M0064,herma.etzold@beispiel.com,8ZBvrCq7,Mitarbeiter,Pflege
M0065,alexej.schüler@beispiel.com,Sm7wlxHW,Mitarbeiter,Hauswirtschaft
M0066,aziz.schuster@beispiel.com,lFPrR9uK,Mitarbeiter,Hauswirtschaft
M0067,lissi.gute@beispiel.com,oySD1p7T,Mitarbeiter,Medizinischer Dienst
M0068,stefanie.pohl@beispiel.com,8MliQ5u8,Mitarbeiter,Pflege
M0069,elisabet.lübs@beispiel.com,JqtU70oL,Mitarbeiter,Pflege
M0070,peer.martin@beispiel.com,ipT6M5hg,Mitarbeiter,Medizinischer Dienst
M0071,franz-josef.briemer@beispiel.com,nx2mlbRG,Mitarbeiter,Medizinischer Dienst
M0072,magarete.rohleder@beispiel.com,61FI1ndQ,Mitarbeiter,Medizinischer Dienst
M0073,anna-maria.fliegner@beispiel.com,ASmCtDpl,Mitarbeiter,Verwaltung
M0074,irmi.schleich@beispiel.com,MBYWSLaC,Mitarbeiter,Pflege
M0075,gino.mans@beispiel.com,wBEdqEEo,Mitarbeiter,Medizinischer Dienst
M0076,klausdieter.kraus@beispiel.com,LJVjDQSH,Mitarbeiter,Verwaltung
M0077,donata.söding@beispiel.com,L2NdY5LF,Mitarbeiter,Pflege
M0078,marieluise.scholz@beispiel.com,VdAGdiNw,Mitarbeiter,Medizinischer Dienst
M0079,gotthilf.kreusel@beispiel.com,JyK0sLRe,Mitarbeiter,Verwaltung
M0080,annekatrin.schuchhardt@beispiel.com,FdThv9pP,Mitarbeiter,Medizinischer Dienst
M0081,wojciech.putz@beispiel.com,04sjO79w,Mitarbeiter,Verwaltung
M0082,kai-uwe.hövel@beispiel.com,dKPf2XuH,Mitarbeiter,Pflege
M0083,cynthia.henck@beispiel.com,qfjTcrS1,Mitarbeiter,Medizinischer Dienst
M0084,christiana.heinrich@beispiel.com,biZ7vahv,Mitarbeiter,Pflege
M0085,jörn.gröttner@beispiel.com,oOgJU7g8,Mitarbeiter,Medizinischer Dienst
M0086,ramon.heinz@beispiel.com,4IJaN1Rp,Mitarbeiter,Verwaltung
M0087,vanessa.eimer@beispiel.com,cQOFxm8i,Mitarbeiter,Verwaltung
M0088,gregor.junken@beispiel.com,A2isX33I,Mitarbeiter,Pflege
M0089,claus.bien@beispiel.com,fNe8chfH,Mitarbeiter,Hauswirtschaft
M0090,annemie.eckbauer@beispiel.com,EEP2rvLB,Mitarbeiter,Verwaltung
M0091,antonios.matthäi@beispiel.com,x6tjA4MA,Mitarbeiter,Hauswirtschaft
M0092,burghard.roht@beispiel.com,zZpKpw6j,Mitarbeiter,Verwaltung
M0093,brit.radisch@beispiel.com,uF8n9F2m,Mitarbeiter,Hauswirtschaft
M0094,valeska.austermühle@beispiel.com,WtpBuwoy,Mitarbeiter,Verwaltung
M0095,walter.wesack@beispiel.com,m5K1Me3A,Mitarbeiter,Medizinischer Dienst
M0096,theresia.stolze@beispiel.com,npA8VH6T,Mitarbeiter,Medizinischer Dienst
M0097,cetin.trommler@beispiel.com,o0lRgpLY,Mitarbeiter,Hauswirtschaft
M0098,annekatrin.fischer@beispiel.com,8qbwANdu,Mitarbeiter,Verwaltung
M0099,hubertine.geissler@beispiel.com,ZO88BmIs,Mitarbeiter,Pflege
M0100,katalin.trub@beispiel.com,MCWcuoVM,Mitarbeiter,Pflege
